Id,label
1,neg
2,neg
3,neg
4,pos
5,pos
6,neg
7,pos
8,neg
9,pos
10,pos
11,pos
12,pos
13,pos
14,pos
15,neg
16,neg
17,neg
18,pos
19,pos
20,neg
21,neg
22,pos
23,neg
24,neg
25,neg
26,neg
27,pos
28,pos
29,neg
30,neg
31,pos
32,neg
33,neg
34,neg
35,pos
36,pos
37,neg
38,neg
39,neg
40,neg
41,neg
42,pos
43,neg
44,neg
45,neg
46,neg
47,pos
48,pos
49,pos
50,pos
51,neg
52,neg
53,neg
54,neg
55,pos
56,neg
57,pos
58,pos
59,neg
60,pos
61,neg
62,neg
63,neg
64,pos
65,neg
66,neg
67,pos
68,neg
69,pos
70,pos
71,neg
72,pos
73,neg
74,pos
75,neg
76,pos
77,pos
78,pos
79,pos
80,pos
81,pos
82,neg
83,pos
84,pos
85,pos
86,pos
87,neg
88,pos
89,neg
90,pos
91,neg
92,pos
93,neg
94,neg
95,pos
96,neg
97,pos
98,pos
99,neg
100,neg
101,pos
102,neg
103,pos
104,pos
105,neg
106,pos
107,pos
108,pos
109,neg
110,neg
111,pos
112,neg
113,neg
114,pos
115,neg
116,neg
117,neg
118,neg
119,neg
120,neg
121,pos
122,pos
123,pos
124,pos
125,neg
126,pos
127,neg
128,pos
129,neg
130,neg
131,neg
132,pos
133,neg
134,neg
135,neg
136,neg
137,pos
138,pos
139,pos
140,neg
141,pos
142,neg
143,neg
144,neg
145,neg
146,pos
147,pos
148,neg
149,neg
150,neg
151,pos
152,neg
153,pos
154,pos
155,pos
156,neg
157,neg
158,neg
159,neg
160,pos
161,pos
162,neg
163,pos
164,pos
165,neg
166,pos
167,neg
168,neg
169,pos
170,pos
171,neg
172,neg
173,pos
174,neg
175,neg
176,neg
177,pos
178,neg
179,pos
180,neg
181,pos
182,neg
183,pos
184,pos
185,pos
186,neg
187,pos
188,pos
189,pos
190,neg
191,pos
192,pos
193,pos
194,neg
195,pos
196,neg
197,pos
198,neg
199,pos
200,pos
201,neg
202,neg
203,neg
204,neg
205,neg
206,neg
207,neg
208,neg
209,pos
210,pos
211,neg
212,pos
213,neg
214,pos
215,pos
216,neg
217,pos
218,pos
219,neg
220,pos
221,neg
222,neg
223,neg
224,pos
225,pos
226,neg
227,neg
228,neg
229,neg
230,pos
231,pos
232,neg
233,neg
234,pos
235,pos
236,neg
237,neg
238,neg
239,pos
240,pos
241,pos
242,pos
243,neg
244,pos
245,neg
246,neg
247,neg
248,neg
249,pos
250,pos
251,neg
252,neg
253,neg
254,pos
255,pos
256,neg
257,neg
258,pos
259,pos
260,pos
261,pos
262,pos
263,pos
264,neg
265,neg
266,pos
267,neg
268,pos
269,neg
270,pos
271,pos
272,pos
273,neg
274,neg
275,neg
276,pos
277,neg
278,neg
279,pos
280,pos
281,neg
282,pos
283,neg
284,pos
285,pos
286,pos
287,neg
288,neg
289,pos
290,neg
291,neg
292,neg
293,neg
294,pos
295,neg
296,pos
297,pos
298,pos
299,pos
300,pos
301,pos
302,pos
303,neg
304,pos
305,neg
306,pos
307,neg
308,neg
309,pos
310,neg
311,neg
312,pos
313,neg
314,neg
315,pos
316,neg
317,neg
318,pos
319,pos
320,neg
321,pos
322,neg
323,neg
324,neg
325,neg
326,neg
327,pos
328,pos
329,neg
330,pos
331,pos
332,neg
333,pos
334,pos
335,neg
336,neg
337,neg
338,pos
339,pos
340,neg
341,pos
342,neg
343,pos
344,neg
345,pos
346,neg
347,pos
348,pos
349,neg
350,pos
351,pos
352,pos
353,neg
354,pos
355,neg
356,neg
357,pos
358,neg
359,neg
360,pos
361,neg
362,neg
363,neg
364,neg
365,neg
366,pos
367,pos
368,neg
369,pos
370,neg
371,pos
372,neg
373,pos
374,neg
375,neg
376,neg
377,neg
378,neg
379,neg
380,pos
381,neg
382,pos
383,pos
384,pos
385,neg
386,neg
387,pos
388,pos
389,pos
390,neg
391,pos
392,pos
393,neg
394,pos
395,neg
396,neg
397,pos
398,neg
399,pos
400,pos
401,pos
402,pos
403,pos
404,pos
405,neg
406,pos
407,pos
408,neg
409,pos
410,neg
411,neg
412,pos
413,pos
414,neg
415,pos
416,neg
417,neg
418,pos
419,neg
420,neg
421,neg
422,pos
423,neg
424,neg
425,pos
426,neg
427,pos
428,pos
429,neg
430,pos
431,pos
432,pos
433,pos
434,pos
435,neg
436,pos
437,pos
438,neg
439,pos
440,neg
441,neg
442,pos
443,pos
444,neg
445,pos
446,neg
447,pos
448,pos
449,neg
450,pos
451,pos
452,neg
453,pos
454,pos
455,pos
456,neg
457,pos
458,pos
459,neg
460,neg
461,pos
462,pos
463,neg
464,pos
465,pos
466,neg
467,neg
468,pos
469,pos
470,pos
471,neg
472,neg
473,pos
474,neg
475,neg
476,pos
477,pos
478,pos
479,neg
480,neg
481,pos
482,neg
483,pos
484,pos
485,neg
486,neg
487,neg
488,neg
489,pos
490,pos
491,neg
492,neg
493,pos
494,neg
495,neg
496,pos
497,pos
498,neg
499,neg
500,pos
501,neg
502,pos
503,neg
504,neg
505,pos
506,neg
507,neg
508,neg
509,pos
510,neg
511,pos
512,neg
513,pos
514,neg
515,neg
516,neg
517,pos
518,neg
519,neg
520,pos
521,neg
522,pos
523,neg
524,pos
525,neg
526,pos
527,pos
528,pos
529,pos
530,neg
531,pos
532,neg
533,pos
534,neg
535,pos
536,neg
537,neg
538,neg
539,neg
540,neg
541,neg
542,pos
543,pos
544,pos
545,pos
546,neg
547,pos
548,neg
549,neg
550,neg
551,neg
552,pos
553,pos
554,neg
555,pos
556,neg
557,pos
558,pos
559,neg
560,neg
561,pos
562,pos
563,pos
564,neg
565,pos
566,pos
567,neg
568,pos
569,neg
570,pos
571,pos
572,pos
573,pos
574,pos
575,neg
576,neg
577,neg
578,pos
579,neg
580,neg
581,neg
582,neg
583,neg
584,neg
585,pos
586,neg
587,pos
588,neg
589,pos
590,neg
591,pos
592,neg
593,pos
594,neg
595,pos
596,pos
597,neg
598,neg
599,neg
600,pos
601,pos
602,neg
603,neg
604,neg
605,neg
606,neg
607,pos
608,neg
609,neg
610,pos
611,pos
612,neg
613,neg
614,neg
615,pos
616,pos
617,neg
618,neg
619,neg
620,pos
621,pos
622,pos
623,pos
624,pos
625,pos
626,neg
627,neg
628,neg
629,pos
630,neg
631,pos
632,neg
633,neg
634,neg
635,neg
636,neg
637,neg
638,pos
639,neg
640,neg
641,neg
642,neg
643,neg
644,neg
645,neg
646,pos
647,neg
648,neg
649,pos
650,neg
651,neg
652,pos
653,neg
654,neg
655,neg
656,neg
657,neg
658,pos
659,pos
660,neg
661,pos
662,pos
663,neg
664,neg
665,neg
666,neg
667,pos
668,pos
669,pos
670,neg
671,neg
672,neg
673,neg
674,neg
675,neg
676,pos
677,neg
678,neg
679,neg
680,pos
681,pos
682,pos
683,neg
684,pos
685,neg
686,pos
687,pos
688,pos
689,pos
690,pos
691,pos
692,neg
693,pos
694,pos
695,pos
696,pos
697,neg
698,pos
699,neg
700,neg
701,neg
702,pos
703,pos
704,pos
705,pos
706,neg
707,pos
708,neg
709,pos
710,pos
711,neg
712,neg
713,neg
714,neg
715,neg
716,neg
717,pos
718,pos
719,pos
720,pos
721,neg
722,neg
723,pos
724,neg
725,pos
726,neg
727,neg
728,neg
729,pos
730,pos
731,pos
732,neg
733,pos
734,pos
735,pos
736,pos
737,neg
738,pos
739,pos
740,pos
741,neg
742,neg
743,pos
744,neg
745,neg
746,pos
747,neg
748,neg
749,neg
750,pos
751,neg
752,pos
753,pos
754,neg
755,pos
756,pos
757,pos
758,pos
759,neg
760,pos
761,neg
762,pos
763,neg
764,neg
765,pos
766,neg
767,neg
768,pos
769,pos
770,neg
771,neg
772,neg
773,pos
774,neg
775,neg
776,neg
777,neg
778,neg
779,neg
780,neg
781,neg
782,pos
783,pos
784,pos
785,neg
786,neg
787,pos
788,neg
789,neg
790,pos
791,neg
792,pos
793,neg
794,pos
795,neg
796,neg
797,neg
798,neg
799,neg
800,neg
801,pos
802,pos
803,pos
804,pos
805,pos
806,pos
807,neg
808,pos
809,neg
810,pos
811,pos
812,neg
813,pos
814,pos
815,neg
816,neg
817,pos
818,pos
819,pos
820,neg
821,neg
822,pos
823,neg
824,neg
825,neg
826,pos
827,neg
828,neg
829,pos
830,pos
831,neg
832,pos
833,pos
834,neg
835,neg
836,pos
837,pos
838,neg
839,pos
840,pos
841,pos
842,neg
843,neg
844,pos
845,pos
846,pos
847,pos
848,neg
849,pos
850,pos
851,pos
852,neg
853,pos
854,neg
855,neg
856,pos
857,pos
858,neg
859,neg
860,pos
861,pos
862,pos
863,neg
864,pos
865,neg
866,neg
867,neg
868,pos
869,neg
870,pos
871,pos
872,pos
873,pos
874,pos
875,pos
876,neg
877,pos
878,neg
879,neg
880,pos
881,pos
882,pos
883,neg
884,pos
885,pos
886,neg
887,pos
888,pos
889,pos
890,neg
891,neg
892,neg
893,neg
894,pos
895,neg
896,pos
897,pos
898,pos
899,pos
900,pos
901,pos
902,neg
903,pos
904,neg
905,pos
906,neg
907,neg
908,pos
909,pos
910,pos
911,pos
912,neg
913,neg
914,neg
915,pos
916,pos
917,pos
918,pos
919,neg
920,pos
921,neg
922,pos
923,neg
924,pos
925,neg
926,neg
927,pos
928,neg
929,neg
930,neg
931,neg
932,pos
933,pos
934,pos
935,neg
936,pos
937,neg
938,pos
939,pos
940,pos
941,neg
942,neg
943,neg
944,neg
945,pos
946,pos
947,neg
948,neg
949,pos
950,pos
951,pos
952,neg
953,pos
954,pos
955,pos
956,pos
957,neg
958,neg
959,pos
960,pos
961,neg
962,neg
963,pos
964,pos
965,pos
966,neg
967,pos
968,pos
969,neg
970,pos
971,neg
972,pos
973,neg
974,neg
975,pos
976,neg
977,pos
978,pos
979,pos
980,neg
981,pos
982,neg
983,pos
984,pos
985,pos
986,neg
987,pos
988,pos
989,neg
990,neg
991,pos
992,pos
993,pos
994,neg
995,neg
996,pos
997,neg
998,neg
999,neg
1000,pos
1001,neg
1002,pos
1003,pos
1004,pos
1005,neg
1006,pos
1007,neg
1008,pos
1009,pos
1010,pos
1011,pos
1012,pos
1013,pos
1014,neg
1015,pos
1016,pos
1017,neg
1018,neg
1019,neg
1020,pos
1021,neg
1022,pos
1023,pos
1024,neg
1025,neg
1026,pos
1027,neg
1028,pos
1029,neg
1030,pos
1031,neg
1032,neg
1033,pos
1034,neg
1035,pos
1036,neg
1037,neg
1038,neg
1039,neg
1040,neg
1041,pos
1042,neg
1043,pos
1044,pos
1045,pos
1046,pos
1047,pos
1048,neg
1049,pos
1050,neg
1051,pos
1052,neg
1053,pos
1054,pos
1055,neg
1056,pos
1057,pos
1058,neg
1059,pos
1060,neg
1061,pos
1062,neg
1063,pos
1064,neg
1065,neg
1066,neg
1067,pos
1068,pos
1069,pos
1070,pos
1071,neg
1072,neg
1073,neg
1074,pos
1075,neg
1076,pos
1077,neg
1078,pos
1079,neg
1080,neg
1081,neg
1082,pos
1083,neg
1084,pos
1085,neg
1086,neg
1087,neg
1088,pos
1089,neg
1090,neg
1091,pos
1092,pos
1093,pos
1094,neg
1095,neg
1096,pos
1097,neg
1098,pos
1099,pos
1100,neg
1101,neg
1102,neg
1103,pos
1104,pos
1105,pos
1106,neg
1107,pos
1108,pos
1109,pos
1110,neg
1111,pos
1112,neg
1113,pos
1114,pos
1115,neg
1116,pos
1117,neg
1118,neg
1119,neg
1120,neg
1121,pos
1122,pos
1123,pos
1124,pos
1125,neg
1126,pos
1127,pos
1128,pos
1129,pos
1130,neg
1131,neg
1132,neg
1133,pos
1134,neg
1135,pos
1136,pos
1137,neg
1138,pos
1139,neg
1140,neg
1141,neg
1142,pos
1143,pos
1144,neg
1145,neg
1146,neg
1147,neg
1148,pos
1149,neg
1150,neg
1151,neg
1152,pos
1153,pos
1154,neg
1155,pos
1156,pos
1157,pos
1158,pos
1159,pos
1160,neg
1161,pos
1162,neg
1163,neg
1164,neg
1165,neg
1166,pos
1167,pos
1168,neg
1169,pos
1170,neg
1171,pos
1172,pos
1173,neg
1174,pos
1175,pos
1176,pos
1177,neg
1178,neg
1179,pos
1180,neg
1181,pos
1182,pos
1183,pos
1184,pos
1185,neg
1186,neg
1187,pos
1188,neg
1189,neg
1190,pos
1191,pos
1192,neg
1193,neg
1194,pos
1195,neg
1196,neg
1197,pos
1198,neg
1199,pos
1200,neg
1201,neg
1202,neg
1203,pos
1204,neg
1205,neg
1206,neg
1207,pos
1208,pos
1209,neg
1210,neg
1211,neg
1212,neg
1213,pos
1214,neg
1215,pos
1216,neg
1217,pos
1218,neg
1219,neg
1220,pos
1221,pos
1222,neg
1223,pos
1224,neg
1225,neg
1226,neg
1227,pos
1228,neg
1229,pos
1230,neg
1231,neg
1232,pos
1233,neg
1234,neg
1235,neg
1236,neg
1237,pos
1238,neg
1239,pos
1240,neg
1241,neg
1242,pos
1243,neg
1244,pos
1245,neg
1246,neg
1247,neg
1248,neg
1249,neg
1250,neg
1251,neg
1252,neg
1253,neg
1254,neg
1255,pos
1256,pos
1257,pos
1258,neg
1259,pos
1260,pos
1261,neg
1262,pos
1263,neg
1264,neg
1265,pos
1266,neg
1267,pos
1268,pos
1269,pos
1270,pos
1271,neg
1272,neg
1273,pos
1274,pos
1275,pos
1276,pos
1277,pos
1278,neg
1279,neg
1280,pos
1281,neg
1282,neg
1283,pos
1284,neg
1285,neg
1286,neg
1287,pos
1288,pos
1289,pos
1290,neg
1291,pos
1292,pos
1293,pos
1294,pos
1295,pos
1296,neg
1297,neg
1298,pos
1299,pos
1300,neg
1301,neg
1302,pos
1303,pos
1304,neg
1305,neg
1306,neg
1307,pos
1308,pos
1309,neg
1310,neg
1311,pos
1312,pos
1313,neg
1314,pos
1315,neg
1316,neg
1317,neg
1318,neg
1319,pos
1320,neg
1321,pos
1322,neg
1323,neg
1324,pos
1325,neg
1326,pos
1327,pos
1328,pos
1329,neg
1330,neg
1331,pos
1332,neg
1333,pos
1334,neg
1335,pos
1336,neg
1337,pos
1338,pos
1339,neg
1340,pos
1341,neg
1342,pos
1343,neg
1344,neg
1345,neg
1346,neg
1347,pos
1348,pos
1349,pos
1350,neg
1351,neg
1352,pos
1353,neg
1354,pos
1355,neg
1356,neg
1357,neg
1358,pos
1359,pos
1360,neg
1361,neg
1362,neg
1363,pos
1364,neg
1365,pos
1366,neg
1367,neg
1368,pos
1369,neg
1370,neg
1371,pos
1372,neg
1373,neg
1374,neg
1375,neg
1376,pos
1377,neg
1378,neg
1379,neg
1380,neg
1381,pos
1382,neg
1383,neg
1384,pos
1385,neg
1386,pos
1387,pos
1388,neg
1389,neg
1390,pos
1391,pos
1392,neg
1393,neg
1394,neg
1395,pos
1396,neg
1397,pos
1398,pos
1399,neg
1400,neg
1401,neg
1402,neg
1403,neg
1404,pos
1405,pos
1406,pos
1407,neg
1408,pos
1409,neg
1410,pos
1411,pos
1412,neg
1413,pos
1414,pos
1415,pos
1416,pos
1417,pos
1418,pos
1419,pos
1420,pos
1421,neg
1422,neg
1423,neg
1424,neg
1425,neg
1426,neg
1427,pos
1428,neg
1429,neg
1430,pos
1431,pos
1432,pos
1433,pos
1434,pos
1435,pos
1436,pos
1437,pos
1438,neg
1439,neg
1440,neg
1441,neg
1442,pos
1443,neg
1444,pos
1445,neg
1446,neg
1447,neg
1448,neg
1449,neg
1450,neg
1451,neg
1452,pos
1453,neg
1454,neg
1455,neg
1456,pos
1457,neg
1458,neg
1459,neg
1460,neg
1461,neg
1462,neg
1463,pos
1464,pos
1465,neg
1466,neg
1467,pos
1468,pos
1469,pos
1470,neg
1471,pos
1472,pos
1473,pos
1474,neg
1475,pos
1476,pos
1477,pos
1478,neg
1479,neg
1480,pos
1481,pos
1482,neg
1483,pos
1484,pos
1485,pos
1486,pos
1487,neg
1488,neg
1489,neg
1490,neg
1491,neg
1492,neg
1493,neg
1494,pos
1495,neg
1496,neg
1497,neg
1498,neg
1499,neg
1500,neg
1501,neg
1502,pos
1503,pos
1504,neg
1505,pos
1506,neg
1507,pos
1508,pos
1509,pos
1510,pos
1511,neg
1512,neg
1513,neg
1514,neg
1515,neg
1516,neg
1517,pos
1518,pos
1519,neg
1520,pos
1521,neg
1522,neg
1523,pos
1524,neg
1525,pos
1526,neg
1527,neg
1528,neg
1529,neg
1530,neg
1531,pos
1532,neg
1533,pos
1534,neg
1535,neg
1536,pos
1537,pos
1538,pos
1539,pos
1540,neg
1541,neg
1542,pos
1543,pos
1544,neg
1545,neg
1546,neg
1547,neg
1548,pos
1549,pos
1550,pos
1551,pos
1552,pos
1553,neg
1554,pos
1555,neg
1556,pos
1557,pos
1558,neg
1559,pos
1560,pos
1561,pos
1562,pos
1563,pos
1564,pos
1565,neg
1566,pos
1567,neg
1568,pos
1569,pos
1570,neg
1571,neg
1572,neg
1573,pos
1574,neg
1575,pos
1576,neg
1577,neg
1578,neg
1579,pos
1580,neg
1581,neg
1582,pos
1583,pos
1584,neg
1585,pos
1586,pos
1587,neg
1588,neg
1589,neg
1590,neg
1591,neg
1592,neg
1593,neg
1594,pos
1595,neg
1596,pos
1597,neg
1598,pos
1599,neg
1600,pos
1601,neg
1602,pos
1603,pos
1604,neg
1605,pos
1606,pos
1607,pos
1608,neg
1609,pos
1610,neg
1611,neg
1612,neg
1613,pos
1614,neg
1615,neg
1616,neg
1617,pos
1618,pos
1619,pos
1620,neg
1621,pos
1622,pos
1623,neg
1624,pos
1625,pos
1626,pos
1627,neg
1628,pos
1629,pos
1630,pos
1631,pos
1632,pos
1633,pos
1634,pos
1635,neg
1636,neg
1637,neg
1638,pos
1639,pos
1640,pos
1641,neg
1642,neg
1643,neg
1644,neg
1645,neg
1646,pos
1647,neg
1648,neg
1649,pos
1650,neg
1651,neg
1652,pos
1653,neg
1654,neg
1655,neg
1656,neg
1657,pos
1658,neg
1659,pos
1660,pos
1661,neg
1662,neg
1663,neg
1664,neg
1665,pos
1666,neg
1667,pos
1668,pos
1669,pos
1670,neg
1671,neg
1672,pos
1673,pos
1674,pos
1675,pos
1676,neg
1677,pos
1678,neg
1679,pos
1680,neg
1681,pos
1682,neg
1683,neg
1684,neg
1685,neg
1686,pos
1687,pos
1688,pos
1689,neg
1690,pos
1691,neg
1692,pos
1693,pos
1694,neg
1695,pos
1696,neg
1697,pos
1698,pos
1699,pos
1700,neg
1701,neg
1702,neg
1703,pos
1704,neg
1705,neg
1706,pos
1707,pos
1708,pos
1709,neg
1710,pos
1711,neg
1712,pos
1713,pos
1714,pos
1715,neg
1716,neg
1717,pos
1718,neg
1719,pos
1720,pos
1721,neg
1722,pos
1723,neg
1724,pos
1725,neg
1726,pos
1727,pos
1728,neg
1729,pos
1730,pos
1731,neg
1732,pos
1733,pos
1734,neg
1735,neg
1736,neg
1737,neg
1738,pos
1739,neg
1740,pos
1741,neg
1742,neg
1743,neg
1744,pos
1745,neg
1746,neg
1747,neg
1748,neg
1749,pos
1750,neg
1751,neg
1752,neg
1753,pos
1754,pos
1755,pos
1756,pos
1757,pos
1758,pos
1759,pos
1760,pos
1761,neg
1762,neg
1763,neg
1764,pos
1765,neg
1766,pos
1767,neg
1768,neg
1769,neg
1770,pos
1771,pos
1772,neg
1773,pos
1774,pos
1775,neg
1776,neg
1777,pos
1778,pos
1779,pos
1780,neg
1781,pos
1782,pos
1783,pos
1784,pos
1785,neg
1786,pos
1787,neg
1788,pos
1789,pos
1790,pos
1791,pos
1792,neg
1793,pos
1794,pos
1795,neg
1796,neg
1797,neg
1798,neg
1799,pos
1800,neg
1801,pos
1802,pos
1803,pos
1804,neg
1805,neg
1806,neg
1807,pos
1808,pos
1809,pos
1810,neg
1811,pos
1812,pos
1813,pos
1814,pos
1815,neg
1816,pos
1817,neg
1818,neg
1819,neg
1820,pos
1821,neg
1822,neg
1823,neg
1824,pos
1825,pos
1826,pos
1827,neg
1828,neg
1829,pos
1830,neg
1831,pos
1832,neg
1833,neg
1834,pos
1835,pos
1836,pos
1837,pos
1838,neg
1839,pos
1840,neg
1841,pos
1842,pos
1843,neg
1844,pos
1845,pos
1846,pos
1847,pos
1848,neg
1849,pos
1850,neg
1851,pos
1852,neg
1853,neg
1854,pos
1855,neg
1856,pos
1857,pos
1858,pos
1859,neg
1860,neg
1861,pos
1862,pos
1863,neg
1864,neg
1865,pos
1866,neg
1867,pos
1868,pos
1869,neg
1870,pos
1871,neg
1872,pos
1873,neg
1874,neg
1875,pos
1876,neg
1877,neg
1878,pos
1879,neg
1880,pos
1881,pos
1882,pos
1883,pos
1884,pos
1885,neg
1886,pos
1887,neg
1888,pos
1889,neg
1890,pos
1891,pos
1892,pos
1893,pos
1894,neg
1895,pos
1896,pos
1897,pos
1898,neg
1899,pos
1900,pos
1901,pos
1902,pos
1903,neg
1904,pos
1905,neg
1906,pos
1907,pos
1908,pos
1909,neg
1910,neg
1911,pos
1912,neg
1913,neg
1914,neg
1915,neg
1916,pos
1917,pos
1918,pos
1919,pos
1920,pos
1921,neg
1922,neg
1923,neg
1924,pos
1925,neg
1926,neg
1927,neg
1928,neg
1929,pos
1930,pos
1931,neg
1932,neg
1933,pos
1934,pos
1935,neg
1936,neg
1937,neg
1938,neg
1939,neg
1940,pos
1941,neg
1942,pos
1943,pos
1944,neg
1945,neg
1946,pos
1947,neg
1948,neg
1949,neg
1950,pos
1951,pos
1952,pos
1953,pos
1954,neg
1955,neg
1956,pos
1957,neg
1958,neg
1959,pos
1960,pos
1961,neg
1962,neg
1963,pos
1964,pos
1965,pos
1966,neg
1967,neg
1968,pos
1969,pos
1970,neg
1971,neg
1972,pos
1973,pos
1974,pos
1975,pos
1976,neg
1977,pos
1978,pos
1979,neg
1980,neg
1981,neg
1982,pos
1983,pos
1984,pos
1985,pos
1986,pos
1987,pos
1988,neg
1989,pos
1990,neg
1991,pos
1992,neg
1993,pos
1994,neg
1995,pos
1996,pos
1997,pos
1998,pos
1999,pos
2000,neg
2001,pos
2002,pos
2003,pos
2004,neg
2005,neg
2006,pos
2007,neg
2008,neg
2009,neg
2010,pos
2011,neg
2012,pos
2013,neg
2014,neg
2015,neg
2016,neg
2017,neg
2018,neg
2019,neg
2020,pos
2021,pos
2022,neg
2023,pos
2024,neg
2025,neg
2026,neg
2027,pos
2028,neg
2029,pos
2030,neg
2031,pos
2032,pos
2033,pos
2034,neg
2035,neg
2036,neg
2037,pos
2038,neg
2039,pos
2040,neg
2041,pos
2042,neg
2043,neg
2044,pos
2045,pos
2046,pos
2047,neg
2048,neg
2049,pos
2050,pos
2051,pos
2052,neg
2053,pos
2054,pos
2055,pos
2056,neg
2057,neg
2058,pos
2059,pos
2060,neg
2061,neg
2062,pos
2063,pos
2064,pos
2065,neg
2066,pos
2067,pos
2068,neg
2069,neg
2070,neg
2071,pos
2072,pos
2073,pos
2074,pos
2075,neg
2076,pos
2077,neg
2078,neg
2079,pos
2080,neg
2081,pos
2082,neg
2083,pos
2084,pos
2085,neg
2086,neg
2087,neg
2088,pos
2089,neg
2090,neg
2091,pos
2092,neg
2093,pos
2094,pos
2095,pos
2096,pos
2097,pos
2098,pos
2099,pos
2100,neg
2101,pos
2102,pos
2103,neg
2104,neg
2105,neg
2106,pos
2107,pos
2108,neg
2109,pos
2110,neg
2111,neg
2112,pos
2113,neg
2114,pos
2115,pos
2116,neg
2117,pos
2118,neg
2119,neg
2120,pos
2121,pos
2122,neg
2123,pos
2124,neg
2125,neg
2126,neg
2127,neg
2128,neg
2129,neg
2130,neg
2131,pos
2132,pos
2133,pos
2134,pos
2135,pos
2136,pos
2137,neg
2138,pos
2139,neg
2140,pos
2141,neg
2142,neg
2143,neg
2144,neg
2145,pos
2146,pos
2147,neg
2148,neg
2149,pos
2150,neg
2151,pos
2152,neg
2153,neg
2154,pos
2155,pos
2156,neg
2157,pos
2158,neg
2159,neg
2160,neg
2161,neg
2162,pos
2163,neg
2164,neg
2165,pos
2166,pos
2167,pos
2168,neg
2169,neg
2170,neg
2171,pos
2172,neg
2173,neg
2174,pos
2175,neg
2176,pos
2177,neg
2178,neg
2179,pos
2180,pos
2181,pos
2182,neg
2183,pos
2184,pos
2185,pos
2186,neg
2187,pos
2188,pos
2189,neg
2190,neg
2191,neg
2192,neg
2193,pos
2194,neg
2195,pos
2196,pos
2197,neg
2198,neg
2199,pos
2200,neg
2201,neg
2202,pos
2203,pos
2204,pos
2205,neg
2206,pos
2207,neg
2208,neg
2209,pos
2210,neg
2211,neg
2212,pos
2213,pos
2214,neg
2215,pos
2216,pos
2217,neg
2218,pos
2219,pos
2220,neg
2221,pos
2222,pos
2223,pos
2224,pos
2225,pos
2226,pos
2227,pos
2228,pos
2229,pos
2230,neg
2231,pos
2232,neg
2233,pos
2234,neg
2235,neg
2236,pos
2237,neg
2238,pos
2239,pos
2240,neg
2241,neg
2242,pos
2243,neg
2244,pos
2245,neg
2246,neg
2247,neg
2248,neg
2249,pos
2250,pos
2251,neg
2252,pos
2253,pos
2254,neg
2255,pos
2256,pos
2257,neg
2258,neg
2259,pos
2260,neg
2261,pos
2262,neg
2263,neg
2264,pos
2265,neg
2266,neg
2267,neg
2268,pos
2269,pos
2270,neg
2271,neg
2272,neg
2273,pos
2274,neg
2275,pos
2276,pos
2277,pos
2278,neg
2279,neg
2280,neg
2281,pos
2282,pos
2283,pos
2284,neg
2285,pos
2286,pos
2287,pos
2288,pos
2289,neg
2290,neg
2291,neg
2292,pos
2293,pos
2294,neg
2295,neg
2296,pos
2297,pos
2298,neg
2299,pos
2300,neg
2301,neg
2302,neg
2303,neg
2304,pos
2305,pos
2306,pos
2307,neg
2308,neg
2309,neg
2310,neg
2311,neg
2312,pos
2313,neg
2314,neg
2315,neg
2316,neg
2317,neg
2318,pos
2319,neg
2320,pos
2321,neg
2322,pos
2323,neg
2324,pos
2325,neg
2326,pos
2327,neg
2328,pos
2329,pos
2330,neg
2331,neg
2332,neg
2333,pos
2334,pos
2335,pos
2336,neg
2337,neg
2338,pos
2339,neg
2340,pos
2341,neg
2342,neg
2343,pos
2344,neg
2345,pos
2346,pos
2347,pos
2348,neg
2349,neg
2350,pos
2351,neg
2352,pos
2353,pos
2354,pos
2355,neg
2356,neg
2357,pos
2358,neg
2359,neg
2360,pos
2361,neg
2362,pos
2363,pos
2364,neg
2365,neg
2366,neg
2367,neg
2368,pos
2369,pos
2370,neg
2371,neg
2372,neg
2373,pos
2374,pos
2375,pos
2376,pos
2377,neg
2378,pos
2379,neg
2380,pos
2381,neg
2382,pos
2383,neg
2384,pos
2385,neg
2386,neg
2387,pos
2388,neg
2389,pos
2390,pos
2391,neg
2392,pos
2393,neg
2394,neg
2395,neg
2396,neg
2397,neg
2398,neg
2399,neg
2400,neg
2401,neg
2402,neg
2403,neg
2404,pos
2405,neg
2406,neg
2407,pos
2408,pos
2409,neg
2410,neg
2411,neg
2412,pos
2413,pos
2414,neg
2415,pos
2416,pos
2417,pos
2418,pos
2419,pos
2420,neg
2421,neg
2422,neg
2423,neg
2424,neg
2425,neg
2426,neg
2427,neg
2428,pos
2429,neg
2430,pos
2431,pos
2432,pos
2433,neg
2434,pos
2435,neg
2436,neg
2437,neg
2438,neg
2439,neg
2440,neg
2441,neg
2442,neg
2443,pos
2444,pos
2445,neg
2446,neg
2447,pos
2448,neg
2449,neg
2450,pos
2451,neg
2452,pos
2453,pos
2454,neg
2455,neg
2456,pos
2457,neg
2458,pos
2459,pos
2460,pos
2461,neg
2462,pos
2463,pos
2464,neg
2465,pos
2466,neg
2467,neg
2468,pos
2469,pos
2470,pos
2471,pos
2472,pos
2473,neg
2474,neg
2475,neg
2476,pos
2477,neg
2478,pos
2479,neg
2480,neg
2481,pos
2482,pos
2483,neg
2484,neg
2485,pos
2486,neg
2487,neg
2488,neg
2489,neg
2490,pos
2491,neg
2492,neg
2493,pos
2494,neg
2495,neg
2496,pos
2497,neg
2498,neg
2499,neg
2500,pos
2501,neg
2502,neg
2503,pos
2504,neg
2505,pos
2506,pos
2507,pos
2508,neg
2509,neg
2510,neg
2511,neg
2512,pos
2513,neg
2514,pos
2515,pos
2516,neg
2517,pos
2518,pos
2519,pos
2520,pos
2521,pos
2522,pos
2523,pos
2524,neg
2525,pos
2526,pos
2527,pos
2528,neg
2529,neg
2530,neg
2531,neg
2532,neg
2533,neg
2534,pos
2535,neg
2536,neg
2537,neg
2538,neg
2539,pos
2540,pos
2541,neg
2542,neg
2543,pos
2544,neg
2545,pos
2546,neg
2547,neg
2548,pos
2549,pos
2550,pos
2551,pos
2552,neg
2553,pos
2554,neg
2555,pos
2556,neg
2557,pos
2558,pos
2559,pos
2560,pos
2561,pos
2562,neg
2563,pos
2564,pos
2565,pos
2566,neg
2567,pos
2568,neg
2569,neg
2570,pos
2571,neg
2572,neg
2573,pos
2574,neg
2575,pos
2576,pos
2577,neg
2578,neg
2579,pos
2580,pos
2581,neg
2582,pos
2583,neg
2584,neg
2585,neg
2586,pos
2587,neg
2588,neg
2589,pos
2590,neg
2591,pos
2592,neg
2593,pos
2594,neg
2595,neg
2596,pos
2597,pos
2598,neg
2599,neg
2600,pos
2601,neg
2602,neg
2603,neg
2604,pos
2605,pos
2606,pos
2607,pos
2608,pos
2609,pos
2610,neg
2611,neg
2612,pos
2613,pos
2614,neg
2615,pos
2616,pos
2617,pos
2618,pos
2619,neg
2620,pos
2621,pos
2622,pos
2623,pos
2624,pos
2625,neg
2626,pos
2627,neg
2628,pos
2629,neg
2630,neg
2631,pos
2632,neg
2633,neg
2634,neg
2635,neg
2636,pos
2637,neg
2638,neg
2639,pos
2640,pos
2641,neg
2642,pos
2643,neg
2644,pos
2645,neg
2646,neg
2647,neg
2648,neg
2649,neg
2650,pos
2651,neg
2652,pos
2653,pos
2654,neg
2655,neg
2656,pos
2657,neg
2658,neg
2659,neg
2660,neg
2661,pos
2662,neg
2663,pos
2664,neg
2665,pos
2666,pos
2667,pos
2668,pos
2669,pos
2670,neg
2671,neg
2672,neg
2673,pos
2674,neg
2675,neg
2676,pos
2677,pos
2678,neg
2679,pos
2680,neg
2681,pos
2682,neg
2683,neg
2684,pos
2685,pos
2686,neg
2687,pos
2688,pos
2689,neg
2690,neg
2691,neg
2692,pos
2693,neg
2694,neg
2695,neg
2696,neg
2697,neg
2698,neg
2699,pos
2700,neg
2701,pos
2702,neg
2703,pos
2704,neg
2705,pos
2706,pos
2707,pos
2708,neg
2709,pos
2710,neg
2711,neg
2712,pos
2713,neg
2714,neg
2715,pos
2716,pos
2717,neg
2718,pos
2719,pos
2720,pos
2721,pos
2722,neg
2723,pos
2724,pos
2725,pos
2726,neg
2727,pos
2728,pos
2729,neg
2730,pos
2731,pos
2732,neg
2733,neg
2734,neg
2735,neg
2736,neg
2737,pos
2738,pos
2739,pos
2740,neg
2741,pos
2742,pos
2743,neg
2744,pos
2745,neg
2746,pos
2747,pos
2748,pos
2749,pos
2750,neg
2751,neg
2752,pos
2753,pos
2754,pos
2755,neg
2756,neg
2757,neg
2758,neg
2759,neg
2760,pos
2761,pos
2762,pos
2763,pos
2764,neg
2765,pos
2766,neg
2767,pos
2768,neg
2769,pos
2770,neg
2771,pos
2772,neg
2773,neg
2774,pos
2775,neg
2776,neg
2777,pos
2778,pos
2779,pos
2780,neg
2781,pos
2782,pos
2783,pos
2784,pos
2785,neg
2786,pos
2787,pos
2788,neg
2789,pos
2790,neg
2791,pos
2792,pos
2793,neg
2794,pos
2795,neg
2796,pos
2797,neg
2798,pos
2799,pos
2800,neg
2801,neg
2802,pos
2803,pos
2804,neg
2805,neg
2806,pos
2807,pos
2808,neg
2809,neg
2810,pos
2811,pos
2812,neg
2813,neg
2814,neg
2815,neg
2816,pos
2817,neg
2818,pos
2819,neg
2820,pos
2821,neg
2822,neg
2823,neg
2824,neg
2825,pos
2826,neg
2827,neg
2828,pos
2829,neg
2830,pos
2831,pos
2832,neg
2833,neg
2834,neg
2835,neg
2836,pos
2837,pos
2838,pos
2839,neg
2840,neg
2841,pos
2842,neg
2843,neg
2844,neg
2845,pos
2846,neg
2847,pos
2848,neg
2849,pos
2850,neg
2851,neg
2852,pos
2853,neg
2854,pos
2855,pos
2856,pos
2857,neg
2858,neg
2859,pos
2860,pos
2861,pos
2862,pos
2863,neg
2864,pos
2865,neg
2866,pos
2867,neg
2868,neg
2869,neg
2870,neg
2871,pos
2872,neg
2873,pos
2874,neg
2875,neg
2876,neg
2877,neg
2878,neg
2879,pos
2880,pos
2881,pos
2882,neg
2883,neg
2884,pos
2885,pos
2886,pos
2887,neg
2888,neg
2889,neg
2890,pos
2891,pos
2892,pos
2893,pos
2894,pos
2895,neg
2896,pos
2897,pos
2898,pos
2899,neg
2900,neg
2901,neg
2902,pos
2903,neg
2904,pos
2905,neg
2906,neg
2907,pos
2908,neg
2909,pos
2910,neg
2911,pos
2912,pos
2913,pos
2914,pos
2915,pos
2916,pos
2917,pos
2918,neg
2919,neg
2920,neg
2921,neg
2922,pos
2923,pos
2924,pos
2925,pos
2926,neg
2927,pos
2928,pos
2929,neg
2930,pos
2931,neg
2932,pos
2933,pos
2934,neg
2935,neg
2936,neg
2937,pos
2938,neg
2939,pos
2940,pos
2941,pos
2942,pos
2943,neg
2944,neg
2945,neg
2946,pos
2947,neg
2948,neg
2949,pos
2950,neg
2951,pos
2952,pos
2953,neg
2954,neg
2955,pos
2956,pos
2957,neg
2958,neg
2959,neg
2960,pos
2961,pos
2962,neg
2963,neg
2964,neg
2965,pos
2966,neg
2967,neg
2968,pos
2969,pos
2970,neg
2971,neg
2972,neg
2973,neg
2974,neg
2975,neg
2976,pos
2977,neg
2978,pos
2979,neg
2980,pos
2981,pos
2982,pos
2983,pos
2984,neg
2985,pos
2986,neg
2987,pos
2988,neg
2989,pos
2990,neg
2991,pos
2992,neg
2993,neg
2994,neg
2995,pos
2996,neg
2997,neg
2998,neg
2999,neg
3000,pos
3001,pos
3002,pos
3003,neg
3004,pos
3005,neg
3006,neg
3007,neg
3008,neg
3009,neg
3010,pos
3011,pos
3012,pos
3013,neg
3014,neg
3015,pos
3016,neg
3017,neg
3018,neg
3019,pos
3020,neg
3021,pos
3022,pos
3023,pos
3024,pos
3025,neg
3026,neg
3027,neg
3028,pos
3029,pos
3030,neg
3031,neg
3032,neg
3033,pos
3034,pos
3035,neg
3036,neg
3037,pos
3038,pos
3039,pos
3040,pos
3041,neg
3042,neg
3043,pos
3044,neg
3045,neg
3046,neg
3047,neg
3048,pos
3049,pos
3050,pos
3051,pos
3052,neg
3053,pos
3054,pos
3055,neg
3056,neg
3057,pos
3058,pos
3059,pos
3060,neg
3061,pos
3062,neg
3063,pos
3064,neg
3065,neg
3066,neg
3067,pos
3068,neg
3069,neg
3070,pos
3071,neg
3072,neg
3073,neg
3074,neg
3075,neg
3076,pos
3077,pos
3078,neg
3079,pos
3080,neg
3081,pos
3082,neg
3083,pos
3084,pos
3085,pos
3086,neg
3087,neg
3088,pos
3089,pos
3090,pos
3091,neg
3092,neg
3093,neg
3094,pos
3095,neg
3096,neg
3097,neg
3098,pos
3099,pos
3100,pos
3101,pos
3102,pos
3103,neg
3104,neg
3105,pos
3106,neg
3107,neg
3108,neg
3109,neg
3110,neg
3111,neg
3112,neg
3113,neg
3114,neg
3115,pos
3116,neg
3117,neg
3118,pos
3119,neg
3120,pos
3121,pos
3122,neg
3123,neg
3124,pos
3125,neg
3126,pos
3127,neg
3128,pos
3129,neg
3130,pos
3131,neg
3132,neg
3133,neg
3134,neg
3135,neg
3136,pos
3137,pos
3138,neg
3139,neg
3140,neg
3141,neg
3142,pos
3143,neg
3144,neg
3145,neg
3146,neg
3147,pos
3148,neg
3149,neg
3150,neg
3151,pos
3152,neg
3153,neg
3154,neg
3155,pos
3156,neg
3157,neg
3158,neg
3159,neg
3160,neg
3161,neg
3162,neg
3163,pos
3164,neg
3165,pos
3166,neg
3167,pos
3168,pos
3169,neg
3170,pos
3171,pos
3172,pos
3173,neg
3174,neg
3175,pos
3176,neg
3177,neg
3178,pos
3179,neg
3180,pos
3181,pos
3182,neg
3183,neg
3184,pos
3185,neg
3186,pos
3187,pos
3188,neg
3189,pos
3190,neg
3191,neg
3192,neg
3193,pos
3194,pos
3195,neg
3196,neg
3197,pos
3198,pos
3199,neg
3200,neg
3201,neg
3202,neg
3203,pos
3204,neg
3205,pos
3206,pos
3207,neg
3208,neg
3209,neg
3210,neg
3211,neg
3212,pos
3213,neg
3214,neg
3215,neg
3216,pos
3217,neg
3218,pos
3219,pos
3220,pos
3221,neg
3222,pos
3223,pos
3224,neg
3225,pos
3226,neg
3227,neg
3228,pos
3229,neg
3230,neg
3231,pos
3232,pos
3233,pos
3234,pos
3235,neg
3236,neg
3237,pos
3238,pos
3239,pos
3240,pos
3241,neg
3242,neg
3243,pos
3244,neg
3245,neg
3246,neg
3247,neg
3248,neg
3249,neg
3250,pos
3251,neg
3252,neg
3253,pos
3254,pos
3255,neg
3256,pos
3257,pos
3258,pos
3259,pos
3260,neg
3261,pos
3262,neg
3263,neg
3264,pos
3265,pos
3266,neg
3267,pos
3268,neg
3269,pos
3270,neg
3271,pos
3272,neg
3273,pos
3274,neg
3275,pos
3276,neg
3277,neg
3278,pos
3279,neg
3280,neg
3281,neg
3282,pos
3283,neg
3284,pos
3285,pos
3286,neg
3287,neg
3288,pos
3289,neg
3290,neg
3291,pos
3292,pos
3293,pos
3294,neg
3295,pos
3296,neg
3297,pos
3298,neg
3299,pos
3300,pos
3301,pos
3302,pos
3303,pos
3304,neg
3305,neg
3306,pos
3307,neg
3308,pos
3309,pos
3310,neg
3311,neg
3312,pos
3313,neg
3314,neg
3315,pos
3316,neg
3317,neg
3318,neg
3319,pos
3320,pos
3321,pos
3322,neg
3323,neg
3324,pos
3325,pos
3326,neg
3327,neg
3328,pos
3329,pos
3330,pos
3331,pos
3332,pos
3333,pos
3334,pos
3335,pos
3336,pos
3337,neg
3338,neg
3339,pos
3340,pos
3341,neg
3342,neg
3343,pos
3344,pos
3345,neg
3346,pos
3347,pos
3348,pos
3349,neg
3350,pos
3351,pos
3352,neg
3353,neg
3354,pos
3355,neg
3356,pos
3357,neg
3358,neg
3359,neg
3360,pos
3361,pos
3362,neg
3363,neg
3364,neg
3365,neg
3366,neg
3367,pos
3368,neg
3369,neg
3370,neg
3371,neg
3372,pos
3373,neg
3374,pos
3375,neg
3376,neg
3377,pos
3378,pos
3379,neg
3380,neg
3381,neg
3382,pos
3383,neg
3384,neg
3385,neg
3386,pos
3387,neg
3388,neg
3389,neg
3390,neg
3391,pos
3392,neg
3393,neg
3394,neg
3395,pos
3396,neg
3397,pos
3398,pos
3399,neg
3400,neg
3401,pos
3402,pos
3403,neg
3404,neg
3405,neg
3406,pos
3407,pos
3408,pos
3409,neg
3410,neg
3411,neg
3412,neg
3413,neg
3414,neg
3415,pos
3416,pos
3417,pos
3418,pos
3419,neg
3420,neg
3421,neg
3422,pos
3423,neg
3424,pos
3425,neg
3426,neg
3427,neg
3428,pos
3429,neg
3430,neg
3431,pos
3432,pos
3433,neg
3434,neg
3435,neg
3436,neg
3437,neg
3438,pos
3439,neg
3440,neg
3441,neg
3442,neg
3443,neg
3444,neg
3445,neg
3446,pos
3447,neg
3448,pos
3449,pos
3450,pos
3451,neg
3452,neg
3453,neg
3454,neg
3455,pos
3456,neg
3457,pos
3458,neg
3459,neg
3460,pos
3461,neg
3462,neg
3463,neg
3464,pos
3465,neg
3466,neg
3467,neg
3468,neg
3469,pos
3470,neg
3471,pos
3472,pos
3473,pos
3474,neg
3475,pos
3476,neg
3477,pos
3478,pos
3479,neg
3480,neg
3481,neg
3482,pos
3483,pos
3484,neg
3485,pos
3486,neg
3487,neg
3488,pos
3489,pos
3490,pos
3491,neg
3492,pos
3493,pos
3494,pos
3495,pos
3496,pos
3497,neg
3498,neg
3499,pos
3500,pos
3501,neg
3502,neg
3503,pos
3504,neg
3505,pos
3506,pos
3507,neg
3508,pos
3509,pos
3510,neg
3511,neg
3512,neg
3513,neg
3514,pos
3515,pos
3516,neg
3517,pos
3518,neg
3519,pos
3520,neg
3521,neg
3522,neg
3523,neg
3524,pos
3525,pos
3526,neg
3527,pos
3528,neg
3529,neg
3530,pos
3531,neg
3532,pos
3533,neg
3534,neg
3535,neg
3536,neg
3537,neg
3538,pos
3539,pos
3540,neg
3541,neg
3542,neg
3543,neg
3544,neg
3545,neg
3546,neg
3547,pos
3548,neg
3549,neg
3550,neg
3551,pos
3552,neg
3553,neg
3554,neg
3555,pos
3556,pos
3557,pos
3558,pos
3559,neg
3560,neg
3561,pos
3562,pos
3563,pos
3564,neg
3565,pos
3566,pos
3567,neg
3568,neg
3569,neg
3570,neg
3571,neg
3572,neg
3573,pos
3574,pos
3575,pos
3576,pos
3577,neg
3578,pos
3579,pos
3580,neg
3581,pos
3582,pos
3583,neg
3584,pos
3585,neg
3586,neg
3587,pos
3588,neg
3589,neg
3590,neg
3591,pos
3592,neg
3593,pos
3594,pos
3595,neg
3596,neg
3597,pos
3598,pos
3599,neg
3600,neg
3601,pos
3602,pos
3603,pos
3604,pos
3605,neg
3606,pos
3607,neg
3608,neg
3609,neg
3610,pos
3611,pos
3612,neg
3613,pos
3614,neg
3615,neg
3616,neg
3617,pos
3618,neg
3619,pos
3620,pos
3621,neg
3622,pos
3623,neg
3624,neg
3625,pos
3626,neg
3627,pos
3628,neg
3629,neg
3630,pos
3631,neg
3632,pos
3633,pos
3634,pos
3635,neg
3636,neg
3637,pos
3638,pos
3639,neg
3640,neg
3641,neg
3642,neg
3643,neg
3644,pos
3645,neg
3646,neg
3647,pos
3648,neg
3649,pos
3650,pos
3651,pos
3652,neg
3653,pos
3654,pos
3655,neg
3656,pos
3657,pos
3658,neg
3659,neg
3660,pos
3661,pos
3662,pos
3663,pos
3664,neg
3665,neg
3666,neg
3667,neg
3668,neg
3669,pos
3670,neg
3671,pos
3672,pos
3673,neg
3674,neg
3675,neg
3676,pos
3677,pos
3678,neg
3679,neg
3680,pos
3681,neg
3682,neg
3683,pos
3684,pos
3685,pos
3686,pos
3687,neg
3688,neg
3689,neg
3690,neg
3691,pos
3692,pos
3693,pos
3694,neg
3695,neg
3696,neg
3697,pos
3698,pos
3699,neg
3700,pos
3701,pos
3702,pos
3703,pos
3704,pos
3705,neg
3706,neg
3707,pos
3708,neg
3709,pos
3710,pos
3711,neg
3712,pos
3713,pos
3714,pos
3715,pos
3716,pos
3717,neg
3718,neg
3719,neg
3720,neg
3721,pos
3722,neg
3723,neg
3724,neg
3725,neg
3726,pos
3727,pos
3728,neg
3729,pos
3730,pos
3731,neg
3732,neg
3733,pos
3734,pos
3735,neg
3736,neg
3737,pos
3738,neg
3739,neg
3740,neg
3741,pos
3742,neg
3743,pos
3744,neg
3745,pos
3746,pos
3747,neg
3748,pos
3749,neg
3750,neg
3751,pos
3752,pos
3753,neg
3754,pos
3755,pos
3756,neg
3757,neg
3758,neg
3759,neg
3760,neg
3761,pos
3762,pos
3763,pos
3764,neg
3765,pos
3766,neg
3767,neg
3768,neg
3769,neg
3770,pos
3771,neg
3772,pos
3773,neg
3774,neg
3775,pos
3776,pos
3777,neg
3778,pos
3779,pos
3780,neg
3781,neg
3782,pos
3783,pos
3784,pos
3785,pos
3786,neg
3787,pos
3788,pos
3789,neg
3790,neg
3791,pos
3792,pos
3793,pos
3794,pos
3795,neg
3796,pos
3797,pos
3798,pos
3799,pos
3800,neg
3801,pos
3802,neg
3803,neg
3804,neg
3805,neg
3806,neg
3807,neg
3808,neg
3809,neg
3810,neg
3811,neg
3812,pos
3813,neg
3814,pos
3815,pos
3816,neg
3817,pos
3818,pos
3819,pos
3820,pos
3821,neg
3822,neg
3823,neg
3824,neg
3825,neg
3826,neg
3827,neg
3828,neg
3829,neg
3830,neg
3831,neg
3832,pos
3833,pos
3834,neg
3835,neg
3836,neg
3837,pos
3838,pos
3839,pos
3840,neg
3841,pos
3842,neg
3843,pos
3844,pos
3845,neg
3846,pos
3847,pos
3848,pos
3849,neg
3850,pos
3851,neg
3852,pos
3853,neg
3854,neg
3855,neg
3856,pos
3857,neg
3858,pos
3859,pos
3860,pos
3861,pos
3862,neg
3863,neg
3864,neg
3865,neg
3866,pos
3867,pos
3868,pos
3869,neg
3870,neg
3871,neg
3872,neg
3873,pos
3874,neg
3875,neg
3876,pos
3877,pos
3878,neg
3879,pos
3880,pos
3881,neg
3882,neg
3883,neg
3884,neg
3885,neg
3886,neg
3887,pos
3888,pos
3889,neg
3890,pos
3891,neg
3892,neg
3893,pos
3894,pos
3895,neg
3896,neg
3897,pos
3898,pos
3899,pos
3900,neg
3901,pos
3902,neg
3903,pos
3904,pos
3905,neg
3906,neg
3907,pos
3908,neg
3909,neg
3910,neg
3911,pos
3912,pos
3913,pos
3914,neg
3915,pos
3916,neg
3917,neg
3918,pos
3919,pos
3920,pos
3921,pos
3922,neg
3923,pos
3924,neg
3925,pos
3926,neg
3927,neg
3928,neg
3929,neg
3930,pos
3931,pos
3932,neg
3933,pos
3934,neg
3935,pos
3936,pos
3937,neg
3938,pos
3939,neg
3940,neg
3941,neg
3942,neg
3943,neg
3944,neg
3945,neg
3946,neg
3947,pos
3948,neg
3949,neg
3950,neg
3951,pos
3952,neg
3953,neg
3954,neg
3955,pos
3956,pos
3957,neg
3958,neg
3959,pos
3960,pos
3961,pos
3962,pos
3963,neg
3964,pos
3965,pos
3966,neg
3967,pos
3968,neg
3969,neg
3970,pos
3971,pos
3972,neg
3973,neg
3974,neg
3975,neg
3976,pos
3977,pos
3978,pos
3979,pos
3980,neg
3981,neg
3982,neg
3983,pos
3984,neg
3985,neg
3986,neg
3987,pos
3988,pos
3989,neg
3990,neg
3991,neg
3992,neg
3993,pos
3994,pos
3995,pos
3996,neg
3997,pos
3998,neg
3999,pos
4000,pos
4001,neg
4002,pos
4003,pos
4004,pos
4005,neg
4006,neg
4007,pos
4008,pos
4009,neg
4010,pos
4011,neg
4012,neg
4013,neg
4014,pos
4015,pos
4016,pos
4017,neg
4018,neg
4019,neg
4020,neg
4021,pos
4022,pos
4023,neg
4024,neg
4025,pos
4026,neg
4027,pos
4028,neg
4029,neg
4030,neg
4031,neg
4032,pos
4033,pos
4034,neg
4035,pos
4036,pos
4037,neg
4038,neg
4039,neg
4040,pos
4041,pos
4042,neg
4043,neg
4044,pos
4045,neg
4046,neg
4047,pos
4048,neg
4049,neg
4050,neg
4051,pos
4052,neg
4053,pos
4054,neg
4055,pos
4056,pos
4057,neg
4058,neg
4059,neg
4060,pos
4061,neg
4062,neg
4063,neg
4064,pos
4065,neg
4066,neg
4067,neg
4068,pos
4069,neg
4070,pos
4071,pos
4072,neg
4073,pos
4074,neg
4075,neg
4076,pos
4077,neg
4078,neg
4079,neg
4080,pos
4081,neg
4082,neg
4083,pos
4084,pos
4085,neg
4086,neg
4087,neg
4088,pos
4089,pos
4090,pos
4091,pos
4092,pos
4093,neg
4094,pos
4095,neg
4096,pos
4097,neg
4098,pos
4099,neg
4100,neg
4101,neg
4102,neg
4103,pos
4104,neg
4105,neg
4106,neg
4107,pos
4108,pos
4109,pos
4110,pos
4111,neg
4112,pos
4113,pos
4114,pos
4115,pos
4116,pos
4117,neg
4118,neg
4119,pos
4120,pos
4121,neg
4122,pos
4123,pos
4124,neg
4125,pos
4126,neg
4127,neg
4128,neg
4129,pos
4130,neg
4131,pos
4132,pos
4133,neg
4134,pos
4135,pos
4136,neg
4137,pos
4138,pos
4139,neg
4140,pos
4141,neg
4142,neg
4143,pos
4144,pos
4145,pos
4146,neg
4147,neg
4148,pos
4149,neg
4150,neg
4151,neg
4152,neg
4153,neg
4154,pos
4155,pos
4156,neg
4157,neg
4158,neg
4159,neg
4160,pos
4161,pos
4162,neg
4163,pos
4164,pos
4165,neg
4166,neg
4167,neg
4168,neg
4169,pos
4170,neg
4171,pos
4172,neg
4173,neg
4174,neg
4175,neg
4176,pos
4177,pos
4178,pos
4179,neg
4180,neg
4181,pos
4182,neg
4183,pos
4184,pos
4185,neg
4186,neg
4187,neg
4188,neg
4189,pos
4190,pos
4191,pos
4192,pos
4193,pos
4194,neg
4195,neg
4196,neg
4197,neg
4198,pos
4199,pos
4200,pos
4201,neg
4202,pos
4203,pos
4204,pos
4205,pos
4206,pos
4207,pos
4208,neg
4209,neg
4210,neg
4211,neg
4212,neg
4213,neg
4214,pos
4215,neg
4216,neg
4217,pos
4218,pos
4219,pos
4220,pos
4221,pos
4222,pos
4223,neg
4224,neg
4225,pos
4226,neg
4227,neg
4228,neg
4229,neg
4230,neg
4231,neg
4232,neg
4233,neg
4234,neg
4235,neg
4236,pos
4237,neg
4238,pos
4239,neg
4240,neg
4241,pos
4242,pos
4243,pos
4244,pos
4245,neg
4246,pos
4247,neg
4248,neg
4249,neg
4250,neg
4251,pos
4252,neg
4253,neg
4254,pos
4255,pos
4256,pos
4257,pos
4258,pos
4259,pos
4260,neg
4261,neg
4262,pos
4263,neg
4264,pos
4265,pos
4266,pos
4267,neg
4268,neg
4269,pos
4270,neg
4271,neg
4272,pos
4273,pos
4274,neg
4275,neg
4276,pos
4277,neg
4278,pos
4279,neg
4280,neg
4281,pos
4282,pos
4283,neg
4284,pos
4285,pos
4286,neg
4287,pos
4288,neg
4289,pos
4290,pos
4291,neg
4292,neg
4293,pos
4294,neg
4295,pos
4296,pos
4297,pos
4298,neg
4299,neg
4300,neg
4301,neg
4302,neg
4303,neg
4304,neg
4305,neg
4306,neg
4307,neg
4308,neg
4309,neg
4310,pos
4311,pos
4312,neg
4313,neg
4314,pos
4315,neg
4316,neg
4317,pos
4318,neg
4319,neg
4320,pos
4321,neg
4322,neg
4323,pos
4324,pos
4325,pos
4326,pos
4327,neg
4328,neg
4329,neg
4330,pos
4331,pos
4332,neg
4333,pos
4334,pos
4335,neg
4336,neg
4337,pos
4338,pos
4339,pos
4340,pos
4341,pos
4342,pos
4343,pos
4344,pos
4345,neg
4346,neg
4347,pos
4348,pos
4349,neg
4350,pos
4351,pos
4352,neg
4353,pos
4354,neg
4355,pos
4356,pos
4357,pos
4358,neg
4359,pos
4360,pos
4361,pos
4362,pos
4363,neg
4364,pos
4365,neg
4366,neg
4367,pos
4368,neg
4369,pos
4370,neg
4371,neg
4372,pos
4373,pos
4374,neg
4375,pos
4376,pos
4377,pos
4378,neg
4379,neg
4380,neg
4381,pos
4382,neg
4383,neg
4384,pos
4385,pos
4386,pos
4387,neg
4388,pos
4389,pos
4390,pos
4391,pos
4392,neg
4393,neg
4394,pos
4395,pos
4396,pos
4397,pos
4398,pos
4399,neg
4400,pos
4401,pos
4402,pos
4403,neg
4404,pos
4405,neg
4406,pos
4407,pos
4408,pos
4409,pos
4410,pos
4411,neg
4412,neg
4413,pos
4414,pos
4415,neg
4416,pos
4417,pos
4418,neg
4419,neg
4420,neg
4421,neg
4422,pos
4423,pos
4424,pos
4425,neg
4426,pos
4427,pos
4428,pos
4429,neg
4430,pos
4431,neg
4432,pos
4433,pos
4434,neg
4435,neg
4436,neg
4437,neg
4438,pos
4439,neg
4440,neg
4441,pos
4442,neg
4443,neg
4444,pos
4445,pos
4446,pos
4447,pos
4448,pos
4449,pos
4450,pos
4451,neg
4452,pos
4453,pos
4454,pos
4455,pos
4456,neg
4457,pos
4458,pos
4459,neg
4460,neg
4461,pos
4462,neg
4463,neg
4464,pos
4465,pos
4466,neg
4467,pos
4468,neg
4469,neg
4470,pos
4471,pos
4472,neg
4473,neg
4474,pos
4475,pos
4476,neg
4477,pos
4478,neg
4479,pos
4480,neg
4481,neg
4482,neg
4483,pos
4484,neg
4485,pos
4486,neg
4487,pos
4488,neg
4489,neg
4490,neg
4491,neg
4492,pos
4493,pos
4494,neg
4495,neg
4496,pos
4497,pos
4498,pos
4499,pos
4500,neg
4501,neg
4502,pos
4503,neg
4504,pos
4505,neg
4506,neg
4507,neg
4508,pos
4509,neg
4510,neg
4511,pos
4512,neg
4513,neg
4514,neg
4515,pos
4516,pos
4517,pos
4518,neg
4519,neg
4520,pos
4521,pos
4522,neg
4523,pos
4524,pos
4525,pos
4526,neg
4527,pos
4528,neg
4529,neg
4530,pos
4531,neg
4532,pos
4533,neg
4534,pos
4535,neg
4536,pos
4537,pos
4538,neg
4539,pos
4540,pos
4541,neg
4542,pos
4543,neg
4544,neg
4545,pos
4546,pos
4547,pos
4548,pos
4549,pos
4550,pos
4551,pos
4552,pos
4553,neg
4554,pos
4555,pos
4556,pos
4557,neg
4558,neg
4559,neg
4560,neg
4561,neg
4562,pos
4563,neg
4564,neg
4565,neg
4566,pos
4567,neg
4568,neg
4569,pos
4570,neg
4571,pos
4572,neg
4573,neg
4574,neg
4575,pos
4576,neg
4577,neg
4578,neg
4579,pos
4580,neg
4581,neg
4582,pos
4583,pos
4584,neg
4585,pos
4586,pos
4587,neg
4588,neg
4589,neg
4590,neg
4591,neg
4592,neg
4593,pos
4594,pos
4595,pos
4596,pos
4597,neg
4598,neg
4599,pos
4600,pos
4601,pos
4602,pos
4603,neg
4604,pos
4605,neg
4606,neg
4607,neg
4608,pos
4609,pos
4610,neg
4611,pos
4612,pos
4613,neg
4614,neg
4615,pos
4616,neg
4617,pos
4618,pos
4619,pos
4620,neg
4621,pos
4622,pos
4623,pos
4624,pos
4625,pos
4626,neg
4627,neg
4628,neg
4629,pos
4630,neg
4631,pos
4632,pos
4633,pos
4634,pos
4635,neg
4636,pos
4637,pos
4638,neg
4639,neg
4640,pos
4641,neg
4642,pos
4643,pos
4644,pos
4645,pos
4646,pos
4647,pos
4648,neg
4649,neg
4650,neg
4651,pos
4652,pos
4653,neg
4654,neg
4655,neg
4656,neg
4657,neg
4658,neg
4659,pos
4660,pos
4661,neg
4662,pos
4663,neg
4664,neg
4665,neg
4666,pos
4667,neg
4668,neg
4669,neg
4670,pos
4671,pos
4672,pos
4673,neg
4674,neg
4675,pos
4676,pos
4677,neg
4678,pos
4679,neg
4680,pos
4681,neg
4682,pos
4683,neg
4684,pos
4685,neg
4686,pos
4687,neg
4688,neg
4689,neg
4690,neg
4691,neg
4692,neg
4693,pos
4694,pos
4695,pos
4696,neg
4697,pos
4698,neg
4699,pos
4700,pos
4701,neg
4702,neg
4703,neg
4704,neg
4705,pos
4706,pos
4707,neg
4708,pos
4709,pos
4710,pos
4711,pos
4712,neg
4713,neg
4714,neg
4715,neg
4716,pos
4717,pos
4718,neg
4719,neg
4720,neg
4721,pos
4722,pos
4723,neg
4724,neg
4725,neg
4726,pos
4727,pos
4728,pos
4729,pos
4730,neg
4731,pos
4732,pos
4733,pos
4734,pos
4735,pos
4736,pos
4737,pos
4738,neg
4739,pos
4740,pos
4741,pos
4742,neg
4743,pos
4744,neg
4745,neg
4746,pos
4747,neg
4748,pos
4749,neg
4750,pos
4751,pos
4752,neg
4753,pos
4754,pos
4755,pos
4756,neg
4757,neg
4758,pos
4759,pos
4760,neg
4761,pos
4762,pos
4763,pos
4764,neg
4765,neg
4766,neg
4767,pos
4768,neg
4769,neg
4770,pos
4771,neg
4772,neg
4773,neg
4774,neg
4775,pos
4776,neg
4777,neg
4778,neg
4779,neg
4780,neg
4781,neg
4782,neg
4783,neg
4784,neg
4785,pos
4786,neg
4787,pos
4788,neg
4789,pos
4790,neg
4791,neg
4792,pos
4793,neg
4794,neg
4795,pos
4796,pos
4797,neg
4798,neg
4799,pos
4800,pos
4801,neg
4802,neg
4803,neg
4804,neg
4805,neg
4806,pos
4807,pos
4808,pos
4809,neg
4810,neg
4811,neg
4812,pos
4813,pos
4814,pos
4815,pos
4816,neg
4817,pos
4818,pos
4819,neg
4820,pos
4821,neg
4822,pos
4823,neg
4824,neg
4825,neg
4826,neg
4827,neg
4828,neg
4829,neg
4830,neg
4831,neg
4832,pos
4833,neg
4834,pos
4835,pos
4836,pos
4837,pos
4838,pos
4839,neg
4840,neg
4841,pos
4842,neg
4843,neg
4844,pos
4845,pos
4846,neg
4847,pos
4848,neg
4849,pos
4850,neg
4851,pos
4852,neg
4853,pos
4854,pos
4855,pos
4856,neg
4857,pos
4858,pos
4859,pos
4860,neg
4861,pos
4862,neg
4863,neg
4864,neg
4865,pos
4866,pos
4867,neg
4868,pos
4869,pos
4870,pos
4871,pos
4872,neg
4873,neg
4874,pos
4875,pos
4876,neg
4877,pos
4878,neg
4879,pos
4880,pos
4881,pos
4882,neg
4883,pos
4884,neg
4885,neg
4886,pos
4887,pos
4888,pos
4889,pos
4890,pos
4891,pos
4892,neg
4893,pos
4894,pos
4895,neg
4896,neg
4897,neg
4898,pos
4899,pos
4900,pos
4901,pos
4902,pos
4903,neg
4904,neg
4905,neg
4906,neg
4907,pos
4908,pos
4909,pos
4910,pos
4911,neg
4912,pos
4913,neg
4914,neg
4915,pos
4916,neg
4917,neg
4918,pos
4919,neg
4920,pos
4921,pos
4922,neg
4923,neg
4924,pos
4925,pos
4926,pos
4927,neg
4928,pos
4929,neg
4930,pos
4931,pos
4932,neg
4933,pos
4934,neg
4935,neg
4936,pos
4937,pos
4938,neg
4939,pos
4940,pos
4941,pos
4942,neg
4943,pos
4944,pos
4945,neg
4946,neg
4947,pos
4948,neg
4949,pos
4950,pos
4951,neg
4952,neg
4953,neg
4954,pos
4955,neg
4956,neg
4957,pos
4958,neg
4959,neg
4960,neg
4961,neg
4962,pos
4963,neg
4964,pos
4965,pos
4966,pos
4967,neg
4968,pos
4969,pos
4970,pos
4971,pos
4972,pos
4973,pos
4974,pos
4975,pos
4976,pos
4977,pos
4978,neg
4979,neg
4980,neg
4981,pos
4982,pos
4983,pos
4984,pos
4985,pos
4986,pos
4987,neg
4988,neg
4989,neg
4990,pos
4991,pos
4992,neg
4993,neg
4994,neg
4995,neg
4996,neg
4997,pos
4998,neg
4999,neg
5000,neg
5001,neg
5002,neg
5003,neg
5004,pos
5005,pos
5006,pos
5007,pos
5008,pos
5009,pos
5010,pos
5011,pos
5012,pos
5013,neg
5014,pos
5015,pos
5016,pos
5017,pos
5018,neg
5019,pos
5020,neg
5021,neg
5022,neg
5023,neg
5024,neg
5025,neg
5026,neg
5027,pos
5028,pos
5029,pos
5030,pos
5031,pos
5032,pos
5033,pos
5034,neg
5035,neg
5036,neg
5037,neg
5038,neg
5039,pos
5040,pos
5041,pos
5042,pos
5043,pos
5044,pos
5045,pos
5046,pos
5047,neg
5048,neg
5049,neg
5050,neg
5051,pos
5052,pos
5053,pos
5054,neg
5055,neg
5056,neg
5057,pos
5058,neg
5059,pos
5060,pos
5061,neg
5062,neg
5063,pos
5064,pos
5065,pos
5066,pos
5067,neg
5068,neg
5069,neg
5070,neg
5071,neg
5072,pos
5073,neg
5074,pos
5075,pos
5076,neg
5077,neg
5078,pos
5079,pos
5080,pos
5081,pos
5082,pos
5083,neg
5084,neg
5085,neg
5086,pos
5087,pos
5088,pos
5089,pos
5090,pos
5091,pos
5092,pos
5093,neg
5094,pos
5095,pos
5096,pos
5097,pos
5098,neg
5099,pos
5100,pos
5101,neg
5102,neg
5103,pos
5104,pos
5105,pos
5106,neg
5107,neg
5108,neg
5109,pos
5110,neg
5111,pos
5112,neg
5113,pos
5114,pos
5115,pos
5116,pos
5117,neg
5118,pos
5119,neg
5120,neg
5121,neg
5122,neg
5123,neg
5124,neg
5125,neg
5126,neg
5127,pos
5128,pos
5129,neg
5130,pos
5131,pos
5132,neg
5133,neg
5134,neg
5135,pos
5136,neg
5137,neg
5138,pos
5139,pos
5140,neg
5141,pos
5142,neg
5143,neg
5144,pos
5145,pos
5146,neg
5147,pos
5148,pos
5149,pos
5150,neg
5151,neg
5152,pos
5153,pos
5154,pos
5155,pos
5156,neg
5157,neg
5158,neg
5159,neg
5160,pos
5161,neg
5162,neg
5163,neg
5164,pos
5165,pos
5166,neg
5167,pos
5168,pos
5169,pos
5170,neg
5171,neg
5172,pos
5173,neg
5174,neg
5175,pos
5176,pos
5177,neg
5178,pos
5179,neg
5180,pos
5181,pos
5182,pos
5183,neg
5184,pos
5185,neg
5186,neg
5187,neg
5188,neg
5189,neg
5190,neg
5191,pos
5192,pos
5193,pos
5194,neg
5195,neg
5196,neg
5197,pos
5198,pos
5199,pos
5200,pos
5201,pos
5202,pos
5203,pos
5204,pos
5205,pos
5206,pos
5207,neg
5208,pos
5209,neg
5210,neg
5211,neg
5212,neg
5213,pos
5214,pos
5215,neg
5216,pos
5217,neg
5218,pos
5219,neg
5220,neg
5221,pos
5222,pos
5223,pos
5224,pos
5225,neg
5226,neg
5227,pos
5228,pos
5229,pos
5230,neg
5231,pos
5232,pos
5233,neg
5234,pos
5235,neg
5236,neg
5237,neg
5238,neg
5239,neg
5240,neg
5241,neg
5242,neg
5243,neg
5244,pos
5245,neg
5246,neg
5247,neg
5248,pos
5249,pos
5250,pos
5251,neg
5252,pos
5253,neg
5254,neg
5255,pos
5256,neg
5257,pos
5258,neg
5259,pos
5260,neg
5261,pos
5262,neg
5263,neg
5264,neg
5265,pos
5266,neg
5267,pos
5268,pos
5269,neg
5270,neg
5271,pos
5272,pos
5273,pos
5274,pos
5275,neg
5276,pos
5277,pos
5278,neg
5279,neg
5280,neg
5281,pos
5282,pos
5283,neg
5284,neg
5285,pos
5286,pos
5287,neg
5288,neg
5289,neg
5290,pos
5291,pos
5292,neg
5293,neg
5294,pos
5295,neg
5296,pos
5297,neg
5298,neg
5299,neg
5300,neg
5301,neg
5302,pos
5303,pos
5304,neg
5305,pos
5306,pos
5307,neg
5308,pos
5309,pos
5310,neg
5311,pos
5312,pos
5313,neg
5314,pos
5315,neg
5316,pos
5317,neg
5318,neg
5319,pos
5320,pos
5321,neg
5322,pos
5323,neg
5324,pos
5325,neg
5326,neg
5327,neg
5328,pos
5329,neg
5330,pos
5331,neg
5332,neg
5333,neg
5334,neg
5335,neg
5336,neg
5337,pos
5338,pos
5339,neg
5340,neg
5341,pos
5342,neg
5343,neg
5344,neg
5345,neg
5346,pos
5347,neg
5348,pos
5349,pos
5350,neg
5351,neg
5352,neg
5353,neg
5354,pos
5355,pos
5356,neg
5357,pos
5358,neg
5359,neg
5360,neg
5361,neg
5362,neg
5363,neg
5364,neg
5365,neg
5366,pos
5367,pos
5368,neg
5369,pos
5370,pos
5371,pos
5372,neg
5373,neg
5374,neg
5375,pos
5376,neg
5377,neg
5378,neg
5379,neg
5380,neg
5381,neg
5382,pos
5383,neg
5384,neg
5385,pos
5386,pos
5387,pos
5388,pos
5389,pos
5390,pos
5391,pos
5392,neg
5393,pos
5394,neg
5395,neg
5396,neg
5397,neg
5398,neg
5399,neg
5400,pos
5401,neg
5402,neg
5403,neg
5404,neg
5405,neg
5406,neg
5407,pos
5408,pos
5409,neg
5410,pos
5411,pos
5412,pos
5413,neg
5414,pos
5415,neg
5416,neg
5417,pos
5418,pos
5419,neg
5420,pos
5421,pos
5422,neg
5423,neg
5424,neg
5425,pos
5426,pos
5427,pos
5428,pos
5429,pos
5430,neg
5431,pos
5432,neg
5433,neg
5434,neg
5435,pos
5436,neg
5437,neg
5438,pos
5439,neg
5440,neg
5441,neg
5442,neg
5443,neg
5444,neg
5445,pos
5446,neg
5447,pos
5448,pos
5449,neg
5450,pos
5451,neg
5452,neg
5453,pos
5454,neg
5455,neg
5456,pos
5457,pos
5458,neg
5459,pos
5460,pos
5461,neg
5462,pos
5463,neg
5464,pos
5465,neg
5466,pos
5467,neg
5468,neg
5469,neg
5470,neg
5471,pos
5472,neg
5473,neg
5474,pos
5475,pos
5476,neg
5477,pos
5478,neg
5479,pos
5480,neg
5481,neg
5482,pos
5483,neg
5484,pos
5485,neg
5486,neg
5487,pos
5488,pos
5489,pos
5490,pos
5491,neg
5492,pos
5493,neg
5494,pos
5495,neg
5496,neg
5497,pos
5498,pos
5499,neg
5500,pos
5501,pos
5502,pos
5503,neg
5504,pos
5505,pos
5506,neg
5507,neg
5508,neg
5509,neg
5510,pos
5511,pos
5512,pos
5513,neg
5514,neg
5515,neg
5516,neg
5517,neg
5518,pos
5519,pos
5520,neg
5521,pos
5522,neg
5523,pos
5524,neg
5525,pos
5526,neg
5527,pos
5528,pos
5529,neg
5530,pos
5531,neg
5532,neg
5533,pos
5534,neg
5535,neg
5536,pos
5537,neg
5538,pos
5539,neg
5540,pos
5541,neg
5542,neg
5543,pos
5544,pos
5545,pos
5546,neg
5547,neg
5548,pos
5549,neg
5550,pos
5551,pos
5552,pos
5553,neg
5554,pos
5555,neg
5556,neg
5557,pos
5558,neg
5559,pos
5560,neg
5561,pos
5562,pos
5563,pos
5564,pos
5565,pos
5566,pos
5567,pos
5568,pos
5569,neg
5570,pos
5571,pos
5572,neg
5573,pos
5574,neg
5575,pos
5576,neg
5577,neg
5578,neg
5579,pos
5580,neg
5581,pos
5582,neg
5583,pos
5584,pos
5585,neg
5586,neg
5587,pos
5588,neg
5589,neg
5590,pos
5591,pos
5592,pos
5593,pos
5594,pos
5595,neg
5596,pos
5597,neg
5598,pos
5599,pos
5600,neg
5601,neg
5602,pos
5603,neg
5604,neg
5605,neg
5606,pos
5607,neg
5608,pos
5609,neg
5610,neg
5611,pos
5612,neg
5613,neg
5614,pos
5615,neg
5616,neg
5617,pos
5618,neg
5619,pos
5620,pos
5621,pos
5622,neg
5623,neg
5624,pos
5625,pos
5626,neg
5627,neg
5628,neg
5629,neg
5630,neg
5631,neg
5632,pos
5633,neg
5634,neg
5635,pos
5636,pos
5637,neg
5638,neg
5639,neg
5640,pos
5641,pos
5642,pos
5643,pos
5644,pos
5645,pos
5646,pos
5647,neg
5648,pos
5649,neg
5650,pos
5651,pos
5652,pos
5653,neg
5654,neg
5655,neg
5656,pos
5657,neg
5658,pos
5659,neg
5660,neg
5661,neg
5662,neg
5663,neg
5664,pos
5665,neg
5666,neg
5667,neg
5668,neg
5669,neg
5670,pos
5671,neg
5672,neg
5673,pos
5674,pos
5675,neg
5676,neg
5677,pos
5678,pos
5679,neg
5680,neg
5681,pos
5682,neg
5683,pos
5684,pos
5685,neg
5686,pos
5687,pos
5688,pos
5689,pos
5690,neg
5691,pos
5692,neg
5693,neg
5694,pos
5695,neg
5696,pos
5697,pos
5698,neg
5699,pos
5700,pos
5701,neg
5702,neg
5703,pos
5704,pos
5705,neg
5706,neg
5707,pos
5708,neg
5709,neg
5710,pos
5711,neg
5712,neg
5713,neg
5714,pos
5715,neg
5716,pos
5717,pos
5718,neg
5719,neg
5720,neg
5721,neg
5722,pos
5723,neg
5724,neg
5725,neg
5726,pos
5727,neg
5728,pos
5729,neg
5730,pos
5731,neg
5732,neg
5733,neg
5734,pos
5735,pos
5736,pos
5737,pos
5738,neg
5739,neg
5740,pos
5741,neg
5742,neg
5743,neg
5744,pos
5745,neg
5746,pos
5747,neg
5748,pos
5749,neg
5750,pos
5751,neg
5752,neg
5753,pos
5754,pos
5755,pos
5756,neg
5757,neg
5758,neg
5759,pos
5760,neg
5761,pos
5762,neg
5763,pos
5764,neg
5765,neg
5766,neg
5767,pos
5768,pos
5769,neg
5770,pos
5771,neg
5772,neg
5773,neg
5774,neg
5775,pos
5776,neg
5777,neg
5778,pos
5779,pos
5780,pos
5781,neg
5782,pos
5783,neg
5784,pos
5785,neg
5786,neg
5787,pos
5788,neg
5789,pos
5790,pos
5791,neg
5792,neg
5793,pos
5794,pos
5795,pos
5796,neg
5797,neg
5798,pos
5799,pos
5800,neg
5801,neg
5802,pos
5803,pos
5804,pos
5805,pos
5806,neg
5807,neg
5808,neg
5809,neg
5810,neg
5811,pos
5812,pos
5813,neg
5814,pos
5815,neg
5816,neg
5817,pos
5818,neg
5819,neg
5820,neg
5821,neg
5822,neg
5823,pos
5824,pos
5825,pos
5826,neg
5827,pos
5828,neg
5829,neg
5830,pos
5831,pos
5832,pos
5833,pos
5834,neg
5835,neg
5836,pos
5837,pos
5838,pos
5839,neg
5840,neg
5841,neg
5842,neg
5843,pos
5844,pos
5845,neg
5846,neg
5847,neg
5848,pos
5849,neg
5850,neg
5851,neg
5852,pos
5853,pos
5854,neg
5855,neg
5856,neg
5857,neg
5858,pos
5859,pos
5860,pos
5861,pos
5862,pos
5863,pos
5864,pos
5865,pos
5866,neg
5867,pos
5868,pos
5869,neg
5870,neg
5871,neg
5872,pos
5873,pos
5874,neg
5875,neg
5876,neg
5877,pos
5878,pos
5879,neg
5880,neg
5881,neg
5882,pos
5883,neg
5884,neg
5885,neg
5886,neg
5887,pos
5888,pos
5889,neg
5890,pos
5891,pos
5892,pos
5893,neg
5894,pos
5895,pos
5896,pos
5897,neg
5898,pos
5899,pos
5900,neg
5901,pos
5902,pos
5903,neg
5904,neg
5905,pos
5906,pos
5907,pos
5908,neg
5909,neg
5910,pos
5911,neg
5912,neg
5913,pos
5914,neg
5915,neg
5916,pos
5917,neg
5918,pos
5919,pos
5920,pos
5921,pos
5922,pos
5923,pos
5924,neg
5925,neg
5926,pos
5927,pos
5928,pos
5929,pos
5930,pos
5931,pos
5932,neg
5933,neg
5934,pos
5935,pos
5936,neg
5937,neg
5938,pos
5939,pos
5940,neg
5941,neg
5942,pos
5943,pos
5944,neg
5945,neg
5946,pos
5947,pos
5948,neg
5949,pos
5950,neg
5951,neg
5952,pos
5953,pos
5954,neg
5955,pos
5956,neg
5957,pos
5958,neg
5959,pos
5960,pos
5961,pos
5962,neg
5963,pos
5964,neg
5965,neg
5966,neg
5967,pos
5968,pos
5969,pos
5970,pos
5971,neg
5972,pos
5973,neg
5974,pos
5975,neg
5976,pos
5977,pos
5978,pos
5979,neg
5980,neg
5981,neg
5982,neg
5983,neg
5984,neg
5985,pos
5986,pos
5987,pos
5988,pos
5989,pos
5990,neg
5991,neg
5992,pos
5993,pos
5994,pos
5995,pos
5996,pos
5997,pos
5998,neg
5999,pos
6000,neg
6001,pos
6002,pos
6003,neg
6004,neg
6005,pos
6006,neg
6007,neg
6008,neg
6009,neg
6010,neg
6011,neg
6012,pos
6013,pos
6014,neg
6015,neg
6016,neg
6017,pos
6018,neg
6019,neg
6020,pos
6021,neg
6022,pos
6023,pos
6024,pos
6025,pos
6026,neg
6027,neg
6028,neg
6029,neg
6030,neg
6031,pos
6032,pos
6033,neg
6034,neg
6035,pos
6036,neg
6037,neg
6038,neg
6039,neg
6040,neg
6041,neg
6042,pos
6043,neg
6044,neg
6045,neg
6046,neg
6047,pos
6048,pos
6049,neg
6050,neg
6051,pos
6052,pos
6053,pos
6054,pos
6055,pos
6056,pos
6057,pos
6058,pos
6059,neg
6060,pos
6061,neg
6062,pos
6063,pos
6064,pos
6065,neg
6066,pos
6067,pos
6068,pos
6069,neg
6070,pos
6071,pos
6072,neg
6073,pos
6074,pos
6075,neg
6076,neg
6077,neg
6078,pos
6079,neg
6080,neg
6081,neg
6082,pos
6083,pos
6084,neg
6085,neg
6086,pos
6087,neg
6088,pos
6089,pos
6090,pos
6091,pos
6092,neg
6093,pos
6094,pos
6095,neg
6096,neg
6097,neg
6098,pos
6099,neg
6100,neg
6101,pos
6102,neg
6103,pos
6104,pos
6105,neg
6106,pos
6107,neg
6108,neg
6109,neg
6110,pos
6111,pos
6112,pos
6113,pos
6114,pos
6115,pos
6116,neg
6117,neg
6118,neg
6119,pos
6120,neg
6121,pos
6122,neg
6123,neg
6124,pos
6125,neg
6126,pos
6127,pos
6128,neg
6129,pos
6130,pos
6131,pos
6132,pos
6133,pos
6134,pos
6135,neg
6136,pos
6137,neg
6138,pos
6139,neg
6140,pos
6141,neg
6142,neg
6143,neg
6144,neg
6145,neg
6146,pos
6147,neg
6148,pos
6149,neg
6150,pos
6151,neg
6152,neg
6153,neg
6154,neg
6155,neg
6156,neg
6157,neg
6158,neg
6159,pos
6160,pos
6161,neg
6162,pos
6163,neg
6164,pos
6165,neg
6166,neg
6167,pos
6168,pos
6169,pos
6170,neg
6171,pos
6172,neg
6173,pos
6174,neg
6175,neg
6176,pos
6177,pos
6178,pos
6179,pos
6180,pos
6181,neg
6182,neg
6183,pos
6184,neg
6185,pos
6186,pos
6187,neg
6188,neg
6189,neg
6190,neg
6191,pos
6192,neg
6193,pos
6194,neg
6195,neg
6196,neg
6197,neg
6198,neg
6199,pos
6200,neg
6201,pos
6202,neg
6203,neg
6204,neg
6205,neg
6206,neg
6207,neg
6208,pos
6209,neg
6210,neg
6211,pos
6212,neg
6213,pos
6214,pos
6215,neg
6216,pos
6217,pos
6218,pos
6219,pos
6220,neg
6221,neg
6222,neg
6223,pos
6224,pos
6225,neg
6226,neg
6227,pos
6228,pos
6229,pos
6230,neg
6231,neg
6232,pos
6233,pos
6234,pos
6235,pos
6236,pos
6237,pos
6238,pos
6239,neg
6240,pos
6241,pos
6242,pos
6243,pos
6244,pos
6245,pos
6246,neg
6247,neg
6248,pos
6249,pos
6250,pos
6251,pos
6252,neg
6253,pos
6254,neg
6255,neg
6256,pos
6257,pos
6258,neg
6259,neg
6260,neg
6261,neg
6262,neg
6263,pos
6264,neg
6265,neg
6266,pos
6267,neg
6268,pos
6269,neg
6270,pos
6271,pos
6272,pos
6273,neg
6274,pos
6275,pos
6276,neg
6277,pos
6278,neg
6279,neg
6280,pos
6281,neg
6282,pos
6283,neg
6284,neg
6285,neg
6286,neg
6287,pos
6288,neg
6289,pos
6290,pos
6291,pos
6292,neg
6293,pos
6294,neg
6295,neg
6296,pos
6297,pos
6298,pos
6299,neg
6300,neg
6301,pos
6302,pos
6303,pos
6304,pos
6305,neg
6306,pos
6307,pos
6308,pos
6309,pos
6310,pos
6311,pos
6312,pos
6313,neg
6314,neg
6315,pos
6316,neg
6317,pos
6318,pos
6319,pos
6320,pos
6321,neg
6322,neg
6323,pos
6324,neg
6325,neg
6326,neg
6327,pos
6328,pos
6329,pos
6330,pos
6331,pos
6332,neg
6333,neg
6334,neg
6335,pos
6336,neg
6337,pos
6338,pos
6339,neg
6340,neg
6341,neg
6342,neg
6343,neg
6344,neg
6345,pos
6346,neg
6347,neg
6348,neg
6349,neg
6350,neg
6351,neg
6352,neg
6353,neg
6354,pos
6355,neg
6356,pos
6357,neg
6358,neg
6359,neg
6360,neg
6361,pos
6362,pos
6363,neg
6364,neg
6365,pos
6366,neg
6367,neg
6368,neg
6369,pos
6370,neg
6371,neg
6372,neg
6373,pos
6374,neg
6375,pos
6376,neg
6377,neg
6378,pos
6379,neg
6380,neg
6381,neg
6382,pos
6383,neg
6384,neg
6385,pos
6386,neg
6387,pos
6388,pos
6389,pos
6390,neg
6391,neg
6392,pos
6393,pos
6394,neg
6395,neg
6396,pos
6397,pos
6398,pos
6399,pos
6400,neg
6401,pos
6402,pos
6403,neg
6404,pos
6405,neg
6406,pos
6407,pos
6408,neg
6409,neg
6410,pos
6411,neg
6412,pos
6413,pos
6414,neg
6415,neg
6416,pos
6417,pos
6418,neg
6419,neg
6420,neg
6421,pos
6422,neg
6423,neg
6424,neg
6425,neg
6426,pos
6427,neg
6428,neg
6429,neg
6430,pos
6431,pos
6432,neg
6433,neg
6434,neg
6435,neg
6436,neg
6437,neg
6438,pos
6439,pos
6440,neg
6441,neg
6442,pos
6443,neg
6444,pos
6445,neg
6446,pos
6447,pos
6448,neg
6449,neg
6450,neg
6451,pos
6452,pos
6453,pos
6454,pos
6455,pos
6456,neg
6457,neg
6458,neg
6459,neg
6460,pos
6461,neg
6462,pos
6463,neg
6464,pos
6465,neg
6466,neg
6467,pos
6468,neg
6469,neg
6470,neg
6471,pos
6472,pos
6473,neg
6474,neg
6475,pos
6476,neg
6477,neg
6478,pos
6479,pos
6480,neg
6481,pos
6482,pos
6483,pos
6484,neg
6485,neg
6486,pos
6487,neg
6488,pos
6489,pos
6490,pos
6491,pos
6492,neg
6493,neg
6494,pos
6495,pos
6496,neg
6497,neg
6498,pos
6499,neg
6500,pos
6501,pos
6502,neg
6503,pos
6504,neg
6505,neg
6506,pos
6507,pos
6508,pos
6509,pos
6510,pos
6511,pos
6512,pos
6513,neg
6514,pos
6515,neg
6516,neg
6517,neg
6518,pos
6519,pos
6520,pos
6521,neg
6522,neg
6523,neg
6524,neg
6525,neg
6526,neg
6527,pos
6528,pos
6529,neg
6530,pos
6531,neg
6532,neg
6533,pos
6534,neg
6535,neg
6536,pos
6537,pos
6538,pos
6539,neg
6540,pos
6541,pos
6542,neg
6543,pos
6544,neg
6545,pos
6546,neg
6547,neg
6548,neg
6549,pos
6550,pos
6551,pos
6552,neg
6553,pos
6554,pos
6555,neg
6556,neg
6557,neg
6558,pos
6559,pos
6560,pos
6561,pos
6562,pos
6563,pos
6564,neg
6565,pos
6566,pos
6567,pos
6568,neg
6569,neg
6570,neg
6571,pos
6572,pos
6573,pos
6574,pos
6575,neg
6576,neg
6577,neg
6578,pos
6579,pos
6580,neg
6581,neg
6582,pos
6583,pos
6584,pos
6585,neg
6586,neg
6587,neg
6588,pos
6589,pos
6590,neg
6591,pos
6592,pos
6593,neg
6594,pos
6595,neg
6596,neg
6597,neg
6598,neg
6599,pos
6600,neg
6601,neg
6602,pos
6603,neg
6604,pos
6605,neg
6606,neg
6607,neg
6608,neg
6609,neg
6610,pos
6611,pos
6612,neg
6613,pos
6614,pos
6615,pos
6616,pos
6617,neg
6618,pos
6619,neg
6620,pos
6621,pos
6622,neg
6623,neg
6624,pos
6625,pos
6626,pos
6627,neg
6628,neg
6629,pos
6630,neg
6631,neg
6632,pos
6633,neg
6634,pos
6635,pos
6636,neg
6637,neg
6638,neg
6639,neg
6640,neg
6641,neg
6642,pos
6643,pos
6644,neg
6645,pos
6646,pos
6647,pos
6648,neg
6649,pos
6650,pos
6651,neg
6652,neg
6653,pos
6654,pos
6655,pos
6656,neg
6657,neg
6658,neg
6659,neg
6660,neg
6661,neg
6662,pos
6663,neg
6664,neg
6665,neg
6666,neg
6667,pos
6668,pos
6669,neg
6670,neg
6671,neg
6672,pos
6673,neg
6674,neg
6675,pos
6676,neg
6677,neg
6678,neg
6679,neg
6680,pos
6681,neg
6682,neg
6683,neg
6684,pos
6685,neg
6686,neg
6687,pos
6688,pos
6689,pos
6690,pos
6691,neg
6692,pos
6693,neg
6694,pos
6695,neg
6696,neg
6697,neg
6698,neg
6699,neg
6700,neg
6701,pos
6702,neg
6703,pos
6704,neg
6705,neg
6706,pos
6707,pos
6708,neg
6709,neg
6710,pos
6711,neg
6712,pos
6713,neg
6714,neg
6715,neg
6716,neg
6717,pos
6718,neg
6719,pos
6720,pos
6721,neg
6722,neg
6723,pos
6724,pos
6725,neg
6726,neg
6727,neg
6728,neg
6729,pos
6730,neg
6731,neg
6732,neg
6733,neg
6734,pos
6735,neg
6736,pos
6737,pos
6738,pos
6739,neg
6740,neg
6741,neg
6742,pos
6743,pos
6744,neg
6745,pos
6746,pos
6747,neg
6748,neg
6749,pos
6750,pos
6751,neg
6752,pos
6753,neg
6754,pos
6755,neg
6756,pos
6757,pos
6758,pos
6759,neg
6760,pos
6761,pos
6762,neg
6763,neg
6764,neg
6765,pos
6766,pos
6767,neg
6768,neg
6769,pos
6770,neg
6771,pos
6772,neg
6773,pos
6774,neg
6775,pos
6776,neg
6777,pos
6778,neg
6779,pos
6780,neg
6781,pos
6782,pos
6783,neg
6784,neg
6785,pos
6786,pos
6787,pos
6788,pos
6789,pos
6790,neg
6791,neg
6792,neg
6793,pos
6794,pos
6795,neg
6796,pos
6797,pos
6798,pos
6799,neg
6800,pos
6801,pos
6802,pos
6803,neg
6804,neg
6805,neg
6806,pos
6807,pos
6808,neg
6809,neg
6810,pos
6811,neg
6812,pos
6813,pos
6814,pos
6815,neg
6816,pos
6817,pos
6818,pos
6819,neg
6820,neg
6821,pos
6822,pos
6823,neg
6824,neg
6825,neg
6826,pos
6827,neg
6828,pos
6829,pos
6830,pos
6831,neg
6832,pos
6833,pos
6834,pos
6835,pos
6836,neg
6837,neg
6838,neg
6839,pos
6840,neg
6841,neg
6842,neg
6843,neg
6844,neg
6845,neg
6846,neg
6847,pos
6848,pos
6849,neg
6850,pos
6851,pos
6852,neg
6853,pos
6854,neg
6855,neg
6856,neg
6857,neg
6858,pos
6859,pos
6860,pos
6861,neg
6862,neg
6863,pos
6864,neg
6865,pos
6866,neg
6867,neg
6868,neg
6869,pos
6870,pos
6871,pos
6872,neg
6873,neg
6874,neg
6875,neg
6876,neg
6877,pos
6878,neg
6879,neg
6880,neg
6881,pos
6882,pos
6883,pos
6884,neg
6885,pos
6886,pos
6887,neg
6888,neg
6889,pos
6890,pos
6891,pos
6892,neg
6893,pos
6894,pos
6895,pos
6896,neg
6897,neg
6898,pos
6899,pos
6900,neg
6901,neg
6902,neg
6903,pos
6904,neg
6905,pos
6906,neg
6907,pos
6908,neg
6909,neg
6910,pos
6911,pos
6912,neg
6913,pos
6914,pos
6915,pos
6916,pos
6917,pos
6918,pos
6919,pos
6920,neg
6921,neg
6922,pos
6923,pos
6924,pos
6925,pos
6926,neg
6927,pos
6928,neg
6929,neg
6930,pos
6931,neg
6932,pos
6933,pos
6934,pos
6935,pos
6936,neg
6937,neg
6938,neg
6939,pos
6940,pos
6941,neg
6942,pos
6943,pos
6944,neg
6945,pos
6946,pos
6947,pos
6948,pos
6949,neg
6950,pos
6951,neg
6952,pos
6953,pos
6954,neg
6955,pos
6956,pos
6957,neg
6958,neg
6959,pos
6960,neg
6961,pos
6962,pos
6963,pos
6964,pos
6965,neg
6966,pos
6967,pos
6968,pos
6969,pos
6970,pos
6971,pos
6972,pos
6973,neg
6974,neg
6975,pos
6976,pos
6977,pos
6978,neg
6979,neg
6980,neg
6981,pos
6982,neg
6983,pos
6984,pos
6985,neg
6986,neg
6987,pos
6988,neg
6989,pos
6990,pos
6991,pos
6992,neg
6993,neg
6994,pos
6995,pos
6996,neg
6997,pos
6998,pos
6999,neg
7000,neg
7001,neg
7002,neg
7003,pos
7004,neg
7005,neg
7006,pos
7007,neg
7008,neg
7009,pos
7010,neg
7011,pos
7012,neg
7013,neg
7014,pos
7015,pos
7016,neg
7017,neg
7018,pos
7019,neg
7020,pos
7021,neg
7022,pos
7023,neg
7024,neg
7025,pos
7026,neg
7027,pos
7028,neg
7029,pos
7030,pos
7031,neg
7032,pos
7033,pos
7034,neg
7035,neg
7036,neg
7037,neg
7038,neg
7039,pos
7040,neg
7041,neg
7042,neg
7043,pos
7044,pos
7045,pos
7046,neg
7047,neg
7048,neg
7049,pos
7050,pos
7051,neg
7052,pos
7053,neg
7054,pos
7055,pos
7056,pos
7057,neg
7058,pos
7059,neg
7060,pos
7061,pos
7062,pos
7063,pos
7064,pos
7065,pos
7066,pos
7067,neg
7068,pos
7069,pos
7070,pos
7071,pos
7072,pos
7073,pos
7074,pos
7075,pos
7076,pos
7077,neg
7078,neg
7079,pos
7080,pos
7081,pos
7082,pos
7083,pos
7084,pos
7085,neg
7086,pos
7087,pos
7088,neg
7089,neg
7090,neg
7091,neg
7092,neg
7093,pos
7094,pos
7095,neg
7096,neg
7097,neg
7098,neg
7099,pos
7100,pos
7101,neg
7102,neg
7103,neg
7104,pos
7105,neg
7106,neg
7107,neg
7108,pos
7109,neg
7110,pos
7111,pos
7112,pos
7113,neg
7114,pos
7115,pos
7116,neg
7117,pos
7118,neg
7119,neg
7120,pos
7121,neg
7122,pos
7123,neg
7124,neg
7125,neg
7126,neg
7127,pos
7128,pos
7129,pos
7130,neg
7131,pos
7132,neg
7133,neg
7134,pos
7135,pos
7136,neg
7137,pos
7138,pos
7139,neg
7140,neg
7141,neg
7142,neg
7143,pos
7144,pos
7145,neg
7146,neg
7147,pos
7148,neg
7149,pos
7150,neg
7151,neg
7152,pos
7153,neg
7154,neg
7155,pos
7156,pos
7157,neg
7158,neg
7159,pos
7160,pos
7161,neg
7162,neg
7163,neg
7164,pos
7165,pos
7166,neg
7167,neg
7168,pos
7169,pos
7170,neg
7171,neg
7172,pos
7173,neg
7174,pos
7175,pos
7176,neg
7177,pos
7178,neg
7179,pos
7180,neg
7181,pos
7182,neg
7183,neg
7184,neg
7185,neg
7186,neg
7187,pos
7188,pos
7189,neg
7190,neg
7191,pos
7192,neg
7193,neg
7194,pos
7195,pos
7196,neg
7197,neg
7198,pos
7199,neg
7200,pos
7201,neg
7202,neg
7203,neg
7204,pos
7205,neg
7206,pos
7207,neg
7208,pos
7209,pos
7210,neg
7211,neg
7212,pos
7213,pos
7214,neg
7215,pos
7216,pos
7217,pos
7218,neg
7219,pos
7220,neg
7221,neg
7222,pos
7223,pos
7224,neg
7225,pos
7226,neg
7227,neg
7228,neg
7229,neg
7230,pos
7231,neg
7232,neg
7233,pos
7234,pos
7235,neg
7236,neg
7237,pos
7238,neg
7239,pos
7240,neg
7241,pos
7242,pos
7243,neg
7244,neg
7245,pos
7246,neg
7247,pos
7248,pos
7249,pos
7250,pos
7251,pos
7252,pos
7253,pos
7254,pos
7255,pos
7256,neg
7257,pos
7258,neg
7259,pos
7260,pos
7261,pos
7262,neg
7263,neg
7264,pos
7265,pos
7266,neg
7267,neg
7268,pos
7269,pos
7270,pos
7271,neg
7272,neg
7273,pos
7274,pos
7275,pos
7276,neg
7277,pos
7278,neg
7279,neg
7280,neg
7281,neg
7282,neg
7283,pos
7284,neg
7285,neg
7286,neg
7287,pos
7288,neg
7289,pos
7290,pos
7291,pos
7292,pos
7293,neg
7294,neg
7295,pos
7296,pos
7297,pos
7298,pos
7299,neg
7300,pos
7301,neg
7302,pos
7303,neg
7304,neg
7305,neg
7306,neg
7307,pos
7308,neg
7309,neg
7310,pos
7311,pos
7312,neg
7313,neg
7314,pos
7315,neg
7316,pos
7317,pos
7318,pos
7319,neg
7320,pos
7321,pos
7322,pos
7323,neg
7324,pos
7325,pos
7326,neg
7327,neg
7328,neg
7329,neg
7330,pos
7331,neg
7332,pos
7333,pos
7334,pos
7335,pos
7336,pos
7337,neg
7338,neg
7339,pos
7340,neg
7341,neg
7342,neg
7343,neg
7344,pos
7345,neg
7346,pos
7347,neg
7348,neg
7349,neg
7350,neg
7351,pos
7352,neg
7353,pos
7354,neg
7355,pos
7356,neg
7357,pos
7358,neg
7359,neg
7360,neg
7361,neg
7362,neg
7363,neg
7364,neg
7365,neg
7366,neg
7367,pos
7368,pos
7369,pos
7370,pos
7371,pos
7372,pos
7373,neg
7374,neg
7375,pos
7376,neg
7377,pos
7378,neg
7379,neg
7380,pos
7381,pos
7382,pos
7383,neg
7384,pos
7385,pos
7386,pos
7387,neg
7388,neg
7389,neg
7390,pos
7391,pos
7392,pos
7393,pos
7394,pos
7395,pos
7396,pos
7397,neg
7398,pos
7399,pos
7400,neg
7401,pos
7402,pos
7403,pos
7404,neg
7405,pos
7406,neg
7407,pos
7408,neg
7409,neg
7410,neg
7411,neg
7412,neg
7413,pos
7414,neg
7415,neg
7416,pos
7417,pos
7418,pos
7419,pos
7420,pos
7421,pos
7422,pos
7423,neg
7424,neg
7425,neg
7426,pos
7427,pos
7428,neg
7429,pos
7430,neg
7431,neg
7432,pos
7433,pos
7434,neg
7435,pos
7436,pos
7437,pos
7438,pos
7439,neg
7440,neg
7441,neg
7442,pos
7443,pos
7444,pos
7445,pos
7446,pos
7447,neg
7448,neg
7449,neg
7450,neg
7451,pos
7452,neg
7453,neg
7454,neg
7455,pos
7456,neg
7457,neg
7458,neg
7459,pos
7460,neg
7461,neg
7462,pos
7463,neg
7464,pos
7465,pos
7466,neg
7467,pos
7468,pos
7469,neg
7470,pos
7471,pos
7472,pos
7473,neg
7474,pos
7475,neg
7476,pos
7477,pos
7478,pos
7479,pos
7480,pos
7481,pos
7482,neg
7483,neg
7484,neg
7485,pos
7486,pos
7487,neg
7488,neg
7489,pos
7490,neg
7491,neg
7492,pos
7493,neg
7494,pos
7495,pos
7496,pos
7497,neg
7498,pos
7499,pos
7500,pos
7501,neg
7502,pos
7503,pos
7504,neg
7505,neg
7506,pos
7507,neg
7508,neg
7509,pos
7510,pos
7511,pos
7512,pos
7513,neg
7514,pos
7515,pos
7516,neg
7517,pos
7518,pos
7519,pos
7520,pos
7521,pos
7522,pos
7523,pos
7524,neg
7525,pos
7526,neg
7527,neg
7528,neg
7529,pos
7530,pos
7531,neg
7532,pos
7533,pos
7534,neg
7535,neg
7536,neg
7537,pos
7538,pos
7539,pos
7540,neg
7541,pos
7542,neg
7543,neg
7544,neg
7545,neg
7546,pos
7547,neg
7548,neg
7549,pos
7550,neg
7551,pos
7552,pos
7553,pos
7554,pos
7555,pos
7556,neg
7557,neg
7558,neg
7559,pos
7560,neg
7561,neg
7562,pos
7563,neg
7564,pos
7565,pos
7566,pos
7567,neg
7568,pos
7569,pos
7570,pos
7571,neg
7572,neg
7573,neg
7574,pos
7575,neg
7576,pos
7577,neg
7578,pos
7579,neg
7580,neg
7581,neg
7582,neg
7583,neg
7584,neg
7585,pos
7586,pos
7587,neg
7588,neg
7589,pos
7590,neg
7591,pos
7592,neg
7593,pos
7594,neg
7595,pos
7596,neg
7597,pos
7598,neg
7599,neg
7600,pos
7601,neg
7602,neg
7603,neg
7604,pos
7605,neg
7606,neg
7607,pos
7608,neg
7609,pos
7610,neg
7611,pos
7612,neg
7613,neg
7614,neg
7615,neg
7616,neg
7617,pos
7618,pos
7619,neg
7620,pos
7621,neg
7622,pos
7623,pos
7624,neg
7625,neg
7626,pos
7627,pos
7628,neg
7629,pos
7630,pos
7631,pos
7632,pos
7633,neg
7634,pos
7635,neg
7636,pos
7637,pos
7638,neg
7639,neg
7640,neg
7641,pos
7642,pos
7643,neg
7644,pos
7645,pos
7646,neg
7647,pos
7648,pos
7649,pos
7650,pos
7651,pos
7652,neg
7653,neg
7654,neg
7655,neg
7656,neg
7657,pos
7658,pos
7659,pos
7660,neg
7661,neg
7662,neg
7663,neg
7664,pos
7665,pos
7666,pos
7667,neg
7668,neg
7669,neg
7670,pos
7671,neg
7672,neg
7673,neg
7674,pos
7675,neg
7676,pos
7677,pos
7678,pos
7679,neg
7680,neg
7681,pos
7682,neg
7683,pos
7684,neg
7685,neg
7686,pos
7687,pos
7688,pos
7689,neg
7690,pos
7691,pos
7692,pos
7693,pos
7694,pos
7695,pos
7696,pos
7697,pos
7698,neg
7699,pos
7700,neg
7701,neg
7702,pos
7703,pos
7704,neg
7705,neg
7706,pos
7707,neg
7708,neg
7709,pos
7710,neg
7711,pos
7712,pos
7713,neg
7714,neg
7715,neg
7716,neg
7717,neg
7718,neg
7719,neg
7720,pos
7721,pos
7722,pos
7723,neg
7724,neg
7725,pos
7726,pos
7727,neg
7728,neg
7729,neg
7730,neg
7731,pos
7732,pos
7733,pos
7734,neg
7735,pos
7736,pos
7737,neg
7738,pos
7739,pos
7740,neg
7741,neg
7742,pos
7743,neg
7744,neg
7745,pos
7746,neg
7747,pos
7748,neg
7749,pos
7750,pos
7751,neg
7752,neg
7753,pos
7754,neg
7755,pos
7756,neg
7757,pos
7758,neg
7759,neg
7760,pos
7761,pos
7762,neg
7763,neg
7764,neg
7765,pos
7766,neg
7767,pos
7768,neg
7769,neg
7770,pos
7771,pos
7772,neg
7773,neg
7774,neg
7775,neg
7776,pos
7777,pos
7778,neg
7779,neg
7780,neg
7781,neg
7782,neg
7783,neg
7784,pos
7785,neg
7786,pos
7787,neg
7788,pos
7789,pos
7790,neg
7791,neg
7792,neg
7793,neg
7794,neg
7795,neg
7796,pos
7797,neg
7798,pos
7799,neg
7800,pos
7801,pos
7802,neg
7803,pos
7804,pos
7805,pos
7806,pos
7807,neg
7808,pos
7809,pos
7810,neg
7811,neg
7812,pos
7813,neg
7814,pos
7815,neg
7816,pos
7817,neg
7818,neg
7819,pos
7820,pos
7821,pos
7822,pos
7823,neg
7824,neg
7825,pos
7826,neg
7827,neg
7828,neg
7829,pos
7830,neg
7831,pos
7832,neg
7833,pos
7834,neg
7835,neg
7836,pos
7837,neg
7838,pos
7839,neg
7840,pos
7841,neg
7842,neg
7843,neg
7844,pos
7845,neg
7846,neg
7847,neg
7848,neg
7849,neg
7850,neg
7851,pos
7852,pos
7853,neg
7854,neg
7855,pos
7856,pos
7857,neg
7858,neg
7859,neg
7860,pos
7861,pos
7862,neg
7863,pos
7864,neg
7865,pos
7866,pos
7867,pos
7868,neg
7869,neg
7870,neg
7871,neg
7872,pos
7873,pos
7874,pos
7875,pos
7876,neg
7877,neg
7878,neg
7879,pos
7880,neg
7881,pos
7882,pos
7883,neg
7884,pos
7885,neg
7886,neg
7887,pos
7888,pos
7889,pos
7890,pos
7891,pos
7892,pos
7893,pos
7894,neg
7895,pos
7896,neg
7897,pos
7898,pos
7899,neg
7900,pos
7901,pos
7902,neg
7903,pos
7904,pos
7905,neg
7906,pos
7907,neg
7908,neg
7909,pos
7910,pos
7911,neg
7912,neg
7913,neg
7914,neg
7915,neg
7916,neg
7917,pos
7918,neg
7919,neg
7920,neg
7921,pos
7922,neg
7923,neg
7924,pos
7925,neg
7926,neg
7927,pos
7928,neg
7929,neg
7930,pos
7931,pos
7932,neg
7933,neg
7934,neg
7935,pos
7936,pos
7937,pos
7938,pos
7939,neg
7940,neg
7941,neg
7942,neg
7943,neg
7944,neg
7945,neg
7946,neg
7947,pos
7948,pos
7949,neg
7950,neg
7951,pos
7952,pos
7953,neg
7954,neg
7955,neg
7956,pos
7957,pos
7958,pos
7959,pos
7960,pos
7961,pos
7962,neg
7963,pos
7964,pos
7965,pos
7966,neg
7967,neg
7968,neg
7969,neg
7970,neg
7971,pos
7972,neg
7973,pos
7974,neg
7975,neg
7976,pos
7977,neg
7978,neg
7979,pos
7980,neg
7981,neg
7982,neg
7983,pos
7984,neg
7985,neg
7986,pos
7987,pos
7988,pos
7989,neg
7990,neg
7991,neg
7992,neg
7993,pos
7994,neg
7995,neg
7996,neg
7997,pos
7998,pos
7999,neg
8000,neg
8001,pos
8002,pos
8003,pos
8004,neg
8005,neg
8006,neg
8007,pos
8008,neg
8009,neg
8010,pos
8011,neg
8012,neg
8013,neg
8014,neg
8015,pos
8016,pos
8017,pos
8018,pos
8019,pos
8020,neg
8021,pos
8022,pos
8023,neg
8024,neg
8025,pos
8026,neg
8027,neg
8028,neg
8029,neg
8030,pos
8031,pos
8032,pos
8033,neg
8034,pos
8035,neg
8036,pos
8037,pos
8038,neg
8039,neg
8040,pos
8041,pos
8042,neg
8043,pos
8044,neg
8045,pos
8046,neg
8047,pos
8048,pos
8049,pos
8050,neg
8051,neg
8052,pos
8053,neg
8054,pos
8055,neg
8056,pos
8057,pos
8058,pos
8059,neg
8060,pos
8061,neg
8062,neg
8063,pos
8064,neg
8065,pos
8066,pos
8067,neg
8068,pos
8069,neg
8070,pos
8071,pos
8072,neg
8073,pos
8074,pos
8075,pos
8076,neg
8077,neg
8078,neg
8079,pos
8080,pos
8081,pos
8082,neg
8083,neg
8084,neg
8085,neg
8086,pos
8087,pos
8088,neg
8089,pos
8090,pos
8091,pos
8092,pos
8093,neg
8094,neg
8095,neg
8096,neg
8097,neg
8098,pos
8099,pos
8100,pos
8101,pos
8102,neg
8103,neg
8104,neg
8105,pos
8106,pos
8107,neg
8108,pos
8109,neg
8110,pos
8111,pos
8112,pos
8113,neg
8114,pos
8115,neg
8116,pos
8117,pos
8118,pos
8119,pos
8120,neg
8121,pos
8122,pos
8123,neg
8124,neg
8125,pos
8126,pos
8127,pos
8128,neg
8129,neg
8130,neg
8131,neg
8132,neg
8133,pos
8134,pos
8135,neg
8136,neg
8137,pos
8138,pos
8139,pos
8140,neg
8141,pos
8142,pos
8143,neg
8144,pos
8145,neg
8146,neg
8147,pos
8148,neg
8149,neg
8150,pos
8151,neg
8152,pos
8153,pos
8154,neg
8155,neg
8156,neg
8157,pos
8158,neg
8159,pos
8160,neg
8161,neg
8162,neg
8163,neg
8164,neg
8165,pos
8166,pos
8167,pos
8168,neg
8169,neg
8170,neg
8171,neg
8172,neg
8173,pos
8174,pos
8175,neg
8176,neg
8177,neg
8178,pos
8179,pos
8180,pos
8181,neg
8182,pos
8183,neg
8184,neg
8185,neg
8186,neg
8187,pos
8188,pos
8189,neg
8190,neg
8191,neg
8192,pos
8193,pos
8194,neg
8195,pos
8196,pos
8197,pos
8198,pos
8199,neg
8200,neg
8201,pos
8202,pos
8203,neg
8204,neg
8205,pos
8206,pos
8207,neg
8208,pos
8209,neg
8210,pos
8211,neg
8212,pos
8213,pos
8214,pos
8215,pos
8216,neg
8217,neg
8218,pos
8219,neg
8220,neg
8221,pos
8222,neg
8223,neg
8224,neg
8225,neg
8226,neg
8227,pos
8228,pos
8229,pos
8230,pos
8231,pos
8232,pos
8233,neg
8234,neg
8235,neg
8236,neg
8237,neg
8238,neg
8239,neg
8240,pos
8241,pos
8242,pos
8243,pos
8244,neg
8245,neg
8246,neg
8247,pos
8248,pos
8249,neg
8250,pos
8251,pos
8252,pos
8253,neg
8254,neg
8255,pos
8256,neg
8257,pos
8258,neg
8259,pos
8260,pos
8261,neg
8262,pos
8263,neg
8264,pos
8265,neg
8266,pos
8267,pos
8268,pos
8269,pos
8270,pos
8271,pos
8272,neg
8273,pos
8274,pos
8275,pos
8276,pos
8277,neg
8278,pos
8279,pos
8280,pos
8281,neg
8282,pos
8283,pos
8284,pos
8285,pos
8286,neg
8287,neg
8288,neg
8289,pos
8290,neg
8291,pos
8292,pos
8293,neg
8294,pos
8295,pos
8296,neg
8297,pos
8298,pos
8299,neg
8300,neg
8301,pos
8302,neg
8303,neg
8304,neg
8305,neg
8306,pos
8307,neg
8308,neg
8309,neg
8310,neg
8311,pos
8312,pos
8313,pos
8314,neg
8315,neg
8316,pos
8317,neg
8318,neg
8319,neg
8320,pos
8321,neg
8322,neg
8323,neg
8324,pos
8325,neg
8326,neg
8327,neg
8328,pos
8329,neg
8330,pos
8331,pos
8332,neg
8333,neg
8334,neg
8335,neg
8336,neg
8337,pos
8338,pos
8339,pos
8340,neg
8341,pos
8342,neg
8343,pos
8344,pos
8345,pos
8346,pos
8347,pos
8348,pos
8349,neg
8350,neg
8351,neg
8352,pos
8353,neg
8354,neg
8355,pos
8356,pos
8357,pos
8358,pos
8359,pos
8360,neg
8361,pos
8362,pos
8363,pos
8364,neg
8365,pos
8366,neg
8367,neg
8368,pos
8369,pos
8370,neg
8371,neg
8372,neg
8373,neg
8374,neg
8375,pos
8376,neg
8377,neg
8378,neg
8379,pos
8380,neg
8381,pos
8382,neg
8383,neg
8384,pos
8385,neg
8386,neg
8387,neg
8388,neg
8389,neg
8390,pos
8391,pos
8392,pos
8393,neg
8394,neg
8395,pos
8396,neg
8397,pos
8398,pos
8399,neg
8400,pos
8401,pos
8402,pos
8403,neg
8404,neg
8405,neg
8406,pos
8407,pos
8408,pos
8409,pos
8410,neg
8411,neg
8412,neg
8413,pos
8414,neg
8415,pos
8416,pos
8417,neg
8418,neg
8419,neg
8420,neg
8421,pos
8422,neg
8423,pos
8424,neg
8425,pos
8426,neg
8427,neg
8428,pos
8429,neg
8430,neg
8431,neg
8432,neg
8433,pos
8434,neg
8435,pos
8436,pos
8437,pos
8438,neg
8439,neg
8440,neg
8441,pos
8442,pos
8443,pos
8444,neg
8445,neg
8446,neg
8447,pos
8448,pos
8449,pos
8450,pos
8451,neg
8452,neg
8453,pos
8454,neg
8455,neg
8456,pos
8457,neg
8458,pos
8459,neg
8460,neg
8461,neg
8462,pos
8463,pos
8464,neg
8465,pos
8466,pos
8467,pos
8468,pos
8469,pos
8470,neg
8471,pos
8472,neg
8473,neg
8474,neg
8475,pos
8476,neg
8477,neg
8478,pos
8479,pos
8480,neg
8481,pos
8482,neg
8483,pos
8484,pos
8485,neg
8486,neg
8487,pos
8488,neg
8489,neg
8490,neg
8491,pos
8492,pos
8493,neg
8494,neg
8495,pos
8496,neg
8497,neg
8498,neg
8499,neg
8500,pos
8501,neg
8502,pos
8503,neg
8504,neg
8505,pos
8506,pos
8507,pos
8508,pos
8509,pos
8510,neg
8511,neg
8512,neg
8513,pos
8514,neg
8515,pos
8516,neg
8517,pos
8518,neg
8519,pos
8520,neg
8521,neg
8522,pos
8523,neg
8524,pos
8525,pos
8526,pos
8527,neg
8528,pos
8529,neg
8530,neg
8531,pos
8532,neg
8533,neg
8534,pos
8535,neg
8536,pos
8537,pos
8538,neg
8539,neg
8540,pos
8541,neg
8542,neg
8543,pos
8544,neg
8545,pos
8546,pos
8547,pos
8548,neg
8549,neg
8550,pos
8551,pos
8552,pos
8553,pos
8554,neg
8555,pos
8556,neg
8557,neg
8558,neg
8559,neg
8560,neg
8561,neg
8562,neg
8563,pos
8564,neg
8565,pos
8566,neg
8567,neg
8568,pos
8569,neg
8570,pos
8571,pos
8572,neg
8573,neg
8574,neg
8575,neg
8576,neg
8577,neg
8578,neg
8579,pos
8580,neg
8581,neg
8582,pos
8583,neg
8584,pos
8585,neg
8586,neg
8587,neg
8588,neg
8589,pos
8590,neg
8591,neg
8592,pos
8593,pos
8594,neg
8595,neg
8596,neg
8597,neg
8598,pos
8599,neg
8600,pos
8601,neg
8602,pos
8603,neg
8604,neg
8605,pos
8606,pos
8607,pos
8608,pos
8609,neg
8610,neg
8611,neg
8612,neg
8613,neg
8614,pos
8615,pos
8616,pos
8617,pos
8618,neg
8619,pos
8620,neg
8621,pos
8622,neg
8623,pos
8624,neg
8625,neg
8626,neg
8627,neg
8628,pos
8629,pos
8630,pos
8631,pos
8632,pos
8633,pos
8634,pos
8635,pos
8636,pos
8637,neg
8638,neg
8639,pos
8640,pos
8641,neg
8642,pos
8643,neg
8644,neg
8645,neg
8646,pos
8647,pos
8648,pos
8649,pos
8650,pos
8651,neg
8652,neg
8653,pos
8654,pos
8655,pos
8656,pos
8657,pos
8658,pos
8659,neg
8660,pos
8661,pos
8662,neg
8663,pos
8664,neg
8665,neg
8666,neg
8667,neg
8668,neg
8669,pos
8670,pos
8671,neg
8672,neg
8673,neg
8674,neg
8675,neg
8676,pos
8677,neg
8678,pos
8679,neg
8680,pos
8681,pos
8682,pos
8683,pos
8684,neg
8685,pos
8686,pos
8687,pos
8688,neg
8689,neg
8690,pos
8691,neg
8692,neg
8693,neg
8694,neg
8695,neg
8696,neg
8697,pos
8698,pos
8699,neg
8700,neg
8701,neg
8702,pos
8703,pos
8704,pos
8705,pos
8706,pos
8707,neg
8708,neg
8709,pos
8710,neg
8711,neg
8712,pos
8713,neg
8714,pos
8715,pos
8716,neg
8717,pos
8718,pos
8719,neg
8720,pos
8721,pos
8722,neg
8723,neg
8724,pos
8725,neg
8726,pos
8727,pos
8728,neg
8729,neg
8730,pos
8731,neg
8732,pos
8733,neg
8734,neg
8735,neg
8736,neg
8737,neg
8738,pos
8739,pos
8740,neg
8741,neg
8742,neg
8743,neg
8744,pos
8745,neg
8746,neg
8747,pos
8748,neg
8749,neg
8750,pos
8751,neg
8752,pos
8753,pos
8754,pos
8755,pos
8756,neg
8757,pos
8758,pos
8759,neg
8760,pos
8761,neg
8762,pos
8763,neg
8764,neg
8765,pos
8766,neg
8767,pos
8768,pos
8769,neg
8770,pos
8771,neg
8772,neg
8773,neg
8774,pos
8775,neg
8776,pos
8777,neg
8778,neg
8779,pos
8780,pos
8781,neg
8782,neg
8783,pos
8784,pos
8785,neg
8786,neg
8787,neg
8788,neg
8789,neg
8790,pos
8791,pos
8792,neg
8793,neg
8794,neg
8795,pos
8796,pos
8797,neg
8798,neg
8799,pos
8800,neg
8801,pos
8802,neg
8803,neg
8804,pos
8805,neg
8806,pos
8807,neg
8808,pos
8809,neg
8810,neg
8811,pos
8812,pos
8813,neg
8814,pos
8815,pos
8816,pos
8817,pos
8818,neg
8819,pos
8820,pos
8821,neg
8822,neg
8823,neg
8824,pos
8825,neg
8826,neg
8827,pos
8828,pos
8829,neg
8830,pos
8831,neg
8832,pos
8833,pos
8834,pos
8835,neg
8836,neg
8837,neg
8838,pos
8839,pos
8840,neg
8841,pos
8842,neg
8843,neg
8844,pos
8845,neg
8846,neg
8847,neg
8848,neg
8849,pos
8850,pos
8851,neg
8852,neg
8853,neg
8854,pos
8855,pos
8856,neg
8857,pos
8858,neg
8859,pos
8860,pos
8861,pos
8862,pos
8863,neg
8864,neg
8865,neg
8866,neg
8867,pos
8868,neg
8869,neg
8870,pos
8871,neg
8872,pos
8873,pos
8874,pos
8875,pos
8876,pos
8877,neg
8878,pos
8879,pos
8880,pos
8881,pos
8882,neg
8883,pos
8884,pos
8885,pos
8886,pos
8887,pos
8888,pos
8889,pos
8890,neg
8891,neg
8892,neg
8893,pos
8894,pos
8895,neg
8896,neg
8897,pos
8898,neg
8899,pos
8900,pos
8901,pos
8902,pos
8903,neg
8904,neg
8905,pos
8906,pos
8907,neg
8908,pos
8909,neg
8910,neg
8911,neg
8912,neg
8913,neg
8914,neg
8915,pos
8916,neg
8917,pos
8918,pos
8919,pos
8920,neg
8921,pos
8922,pos
8923,neg
8924,pos
8925,pos
8926,neg
8927,pos
8928,pos
8929,neg
8930,neg
8931,neg
8932,pos
8933,neg
8934,pos
8935,neg
8936,pos
8937,neg
8938,neg
8939,pos
8940,neg
8941,neg
8942,pos
8943,pos
8944,pos
8945,pos
8946,neg
8947,pos
8948,neg
8949,neg
8950,pos
8951,neg
8952,neg
8953,pos
8954,pos
8955,pos
8956,pos
8957,neg
8958,pos
8959,pos
8960,neg
8961,neg
8962,neg
8963,neg
8964,pos
8965,pos
8966,neg
8967,neg
8968,neg
8969,neg
8970,neg
8971,neg
8972,pos
8973,pos
8974,neg
8975,pos
8976,pos
8977,pos
8978,neg
8979,pos
8980,pos
8981,neg
8982,pos
8983,neg
8984,pos
8985,neg
8986,pos
8987,neg
8988,neg
8989,pos
8990,neg
8991,neg
8992,neg
8993,neg
8994,pos
8995,pos
8996,neg
8997,neg
8998,neg
8999,neg
9000,neg
9001,pos
9002,pos
9003,pos
9004,neg
9005,pos
9006,neg
9007,pos
9008,pos
9009,pos
9010,pos
9011,neg
9012,neg
9013,pos
9014,pos
9015,neg
9016,pos
9017,neg
9018,neg
9019,neg
9020,pos
9021,neg
9022,neg
9023,neg
9024,pos
9025,neg
9026,neg
9027,neg
9028,neg
9029,pos
9030,pos
9031,pos
9032,pos
9033,neg
9034,neg
9035,pos
9036,pos
9037,pos
9038,pos
9039,neg
9040,neg
9041,neg
9042,pos
9043,neg
9044,neg
9045,neg
9046,neg
9047,neg
9048,pos
9049,pos
9050,pos
9051,neg
9052,neg
9053,pos
9054,pos
9055,neg
9056,pos
9057,pos
9058,neg
9059,pos
9060,pos
9061,pos
9062,neg
9063,pos
9064,neg
9065,pos
9066,neg
9067,neg
9068,neg
9069,pos
9070,neg
9071,pos
9072,pos
9073,pos
9074,pos
9075,neg
9076,pos
9077,neg
9078,pos
9079,pos
9080,pos
9081,neg
9082,neg
9083,pos
9084,neg
9085,neg
9086,pos
9087,pos
9088,neg
9089,neg
9090,pos
9091,neg
9092,pos
9093,pos
9094,pos
9095,neg
9096,pos
9097,pos
9098,pos
9099,pos
9100,pos
9101,neg
9102,neg
9103,pos
9104,pos
9105,pos
9106,pos
9107,pos
9108,neg
9109,neg
9110,neg
9111,pos
9112,pos
9113,neg
9114,pos
9115,neg
9116,neg
9117,pos
9118,pos
9119,neg
9120,neg
9121,neg
9122,neg
9123,neg
9124,neg
9125,pos
9126,neg
9127,pos
9128,neg
9129,pos
9130,pos
9131,pos
9132,pos
9133,pos
9134,pos
9135,neg
9136,neg
9137,neg
9138,neg
9139,pos
9140,neg
9141,neg
9142,pos
9143,pos
9144,neg
9145,pos
9146,neg
9147,pos
9148,neg
9149,pos
9150,neg
9151,pos
9152,pos
9153,pos
9154,pos
9155,neg
9156,neg
9157,neg
9158,neg
9159,neg
9160,pos
9161,neg
9162,pos
9163,pos
9164,pos
9165,neg
9166,neg
9167,neg
9168,neg
9169,pos
9170,pos
9171,neg
9172,pos
9173,pos
9174,neg
9175,pos
9176,neg
9177,pos
9178,neg
9179,neg
9180,neg
9181,neg
9182,pos
9183,neg
9184,neg
9185,pos
9186,neg
9187,pos
9188,neg
9189,pos
9190,neg
9191,pos
9192,neg
9193,pos
9194,neg
9195,neg
9196,neg
9197,pos
9198,neg
9199,neg
9200,pos
9201,pos
9202,pos
9203,pos
9204,neg
9205,neg
9206,neg
9207,neg
9208,pos
9209,neg
9210,pos
9211,neg
9212,pos
9213,pos
9214,neg
9215,pos
9216,neg
9217,neg
9218,neg
9219,neg
9220,neg
9221,neg
9222,pos
9223,pos
9224,neg
9225,neg
9226,pos
9227,neg
9228,neg
9229,neg
9230,pos
9231,pos
9232,neg
9233,neg
9234,neg
9235,pos
9236,neg
9237,neg
9238,neg
9239,pos
9240,neg
9241,neg
9242,pos
9243,neg
9244,neg
9245,neg
9246,neg
9247,pos
9248,neg
9249,pos
9250,neg
9251,neg
9252,neg
9253,pos
9254,neg
9255,neg
9256,pos
9257,pos
9258,neg
9259,pos
9260,pos
9261,neg
9262,pos
9263,pos
9264,pos
9265,neg
9266,neg
9267,pos
9268,neg
9269,pos
9270,pos
9271,pos
9272,pos
9273,neg
9274,pos
9275,pos
9276,pos
9277,neg
9278,neg
9279,neg
9280,pos
9281,neg
9282,neg
9283,pos
9284,pos
9285,pos
9286,pos
9287,pos
9288,pos
9289,pos
9290,neg
9291,neg
9292,pos
9293,pos
9294,neg
9295,neg
9296,neg
9297,neg
9298,neg
9299,pos
9300,neg
9301,neg
9302,neg
9303,neg
9304,neg
9305,neg
9306,pos
9307,neg
9308,pos
9309,pos
9310,neg
9311,neg
9312,pos
9313,pos
9314,pos
9315,pos
9316,neg
9317,pos
9318,pos
9319,pos
9320,neg
9321,neg
9322,pos
9323,pos
9324,pos
9325,pos
9326,pos
9327,pos
9328,pos
9329,pos
9330,neg
9331,neg
9332,pos
9333,pos
9334,neg
9335,neg
9336,neg
9337,pos
9338,pos
9339,neg
9340,pos
9341,neg
9342,pos
9343,pos
9344,pos
9345,pos
9346,neg
9347,pos
9348,neg
9349,neg
9350,neg
9351,neg
9352,pos
9353,neg
9354,pos
9355,pos
9356,neg
9357,pos
9358,neg
9359,neg
9360,neg
9361,neg
9362,neg
9363,pos
9364,neg
9365,pos
9366,neg
9367,pos
9368,pos
9369,neg
9370,neg
9371,pos
9372,neg
9373,pos
9374,pos
9375,neg
9376,neg
9377,pos
9378,pos
9379,pos
9380,pos
9381,neg
9382,pos
9383,neg
9384,neg
9385,neg
9386,neg
9387,pos
9388,pos
9389,pos
9390,pos
9391,neg
9392,pos
9393,neg
9394,neg
9395,neg
9396,neg
9397,neg
9398,pos
9399,pos
9400,neg
9401,neg
9402,neg
9403,neg
9404,pos
9405,neg
9406,neg
9407,pos
9408,pos
9409,pos
9410,neg
9411,pos
9412,pos
9413,neg
9414,pos
9415,neg
9416,neg
9417,pos
9418,pos
9419,pos
9420,pos
9421,neg
9422,neg
9423,pos
9424,neg
9425,pos
9426,neg
9427,neg
9428,pos
9429,pos
9430,pos
9431,neg
9432,pos
9433,pos
9434,neg
9435,neg
9436,neg
9437,neg
9438,neg
9439,neg
9440,pos
9441,neg
9442,neg
9443,pos
9444,pos
9445,neg
9446,neg
9447,pos
9448,pos
9449,neg
9450,pos
9451,neg
9452,neg
9453,neg
9454,neg
9455,neg
9456,neg
9457,pos
9458,pos
9459,pos
9460,pos
9461,neg
9462,pos
9463,pos
9464,neg
9465,neg
9466,pos
9467,neg
9468,neg
9469,neg
9470,neg
9471,pos
9472,neg
9473,pos
9474,neg
9475,pos
9476,neg
9477,neg
9478,pos
9479,pos
9480,pos
9481,pos
9482,pos
9483,neg
9484,neg
9485,neg
9486,pos
9487,pos
9488,neg
9489,pos
9490,pos
9491,neg
9492,neg
9493,pos
9494,pos
9495,neg
9496,pos
9497,neg
9498,neg
9499,pos
9500,pos
9501,pos
9502,pos
9503,neg
9504,neg
9505,pos
9506,pos
9507,pos
9508,neg
9509,pos
9510,neg
9511,neg
9512,pos
9513,pos
9514,pos
9515,pos
9516,pos
9517,neg
9518,pos
9519,pos
9520,neg
9521,neg
9522,pos
9523,pos
9524,pos
9525,neg
9526,pos
9527,pos
9528,pos
9529,neg
9530,neg
9531,pos
9532,neg
9533,pos
9534,neg
9535,neg
9536,neg
9537,neg
9538,neg
9539,pos
9540,neg
9541,pos
9542,neg
9543,neg
9544,neg
9545,pos
9546,pos
9547,neg
9548,pos
9549,neg
9550,neg
9551,neg
9552,pos
9553,pos
9554,neg
9555,pos
9556,neg
9557,neg
9558,pos
9559,neg
9560,neg
9561,pos
9562,pos
9563,pos
9564,pos
9565,neg
9566,pos
9567,pos
9568,neg
9569,pos
9570,neg
9571,neg
9572,neg
9573,pos
9574,pos
9575,pos
9576,neg
9577,neg
9578,neg
9579,pos
9580,neg
9581,pos
9582,pos
9583,neg
9584,pos
9585,neg
9586,pos
9587,pos
9588,pos
9589,pos
9590,pos
9591,neg
9592,neg
9593,neg
9594,pos
9595,neg
9596,neg
9597,neg
9598,pos
9599,pos
9600,neg
9601,neg
9602,neg
9603,neg
9604,pos
9605,neg
9606,neg
9607,neg
9608,pos
9609,neg
9610,pos
9611,pos
9612,neg
9613,neg
9614,neg
9615,pos
9616,pos
9617,pos
9618,neg
9619,pos
9620,pos
9621,pos
9622,pos
9623,neg
9624,pos
9625,pos
9626,neg
9627,pos
9628,neg
9629,pos
9630,neg
9631,neg
9632,neg
9633,neg
9634,neg
9635,neg
9636,pos
9637,neg
9638,pos
9639,pos
9640,neg
9641,neg
9642,neg
9643,neg
9644,pos
9645,neg
9646,neg
9647,neg
9648,pos
9649,neg
9650,pos
9651,pos
9652,pos
9653,pos
9654,neg
9655,neg
9656,neg
9657,neg
9658,neg
9659,neg
9660,pos
9661,pos
9662,pos
9663,pos
9664,neg
9665,pos
9666,pos
9667,neg
9668,pos
9669,neg
9670,pos
9671,pos
9672,neg
9673,pos
9674,pos
9675,pos
9676,neg
9677,neg
9678,neg
9679,neg
9680,neg
9681,pos
9682,pos
9683,pos
9684,pos
9685,neg
9686,neg
9687,pos
9688,pos
9689,neg
9690,pos
9691,neg
9692,neg
9693,neg
9694,pos
9695,pos
9696,pos
9697,pos
9698,pos
9699,neg
9700,pos
9701,neg
9702,pos
9703,pos
9704,pos
9705,pos
9706,pos
9707,pos
9708,pos
9709,neg
9710,pos
9711,neg
9712,pos
9713,neg
9714,pos
9715,neg
9716,pos
9717,pos
9718,pos
9719,pos
9720,pos
9721,pos
9722,neg
9723,pos
9724,pos
9725,pos
9726,neg
9727,pos
9728,neg
9729,pos
9730,neg
9731,neg
9732,neg
9733,pos
9734,pos
9735,neg
9736,neg
9737,neg
9738,neg
9739,neg
9740,pos
9741,pos
9742,pos
9743,neg
9744,neg
9745,pos
9746,neg
9747,neg
9748,neg
9749,neg
9750,neg
9751,neg
9752,pos
9753,neg
9754,pos
9755,pos
9756,pos
9757,pos
9758,neg
9759,neg
9760,neg
9761,neg
9762,pos
9763,pos
9764,neg
9765,neg
9766,neg
9767,neg
9768,neg
9769,pos
9770,neg
9771,neg
9772,neg
9773,pos
9774,pos
9775,pos
9776,neg
9777,pos
9778,neg
9779,pos
9780,neg
9781,pos
9782,pos
9783,neg
9784,neg
9785,pos
9786,pos
9787,pos
9788,neg
9789,pos
9790,neg
9791,neg
9792,neg
9793,neg
9794,pos
9795,pos
9796,neg
9797,pos
9798,pos
9799,neg
9800,neg
9801,pos
9802,pos
9803,neg
9804,pos
9805,pos
9806,neg
9807,pos
9808,pos
9809,pos
9810,pos
9811,neg
9812,pos
9813,neg
9814,neg
9815,pos
9816,pos
9817,neg
9818,neg
9819,neg
9820,pos
9821,pos
9822,pos
9823,neg
9824,neg
9825,pos
9826,neg
9827,pos
9828,pos
9829,neg
9830,pos
9831,pos
9832,pos
9833,pos
9834,neg
9835,neg
9836,pos
9837,neg
9838,neg
9839,neg
9840,neg
9841,pos
9842,neg
9843,pos
9844,pos
9845,pos
9846,pos
9847,pos
9848,pos
9849,pos
9850,pos
9851,neg
9852,pos
9853,neg
9854,neg
9855,neg
9856,neg
9857,pos
9858,neg
9859,pos
9860,pos
9861,pos
9862,neg
9863,pos
9864,pos
9865,neg
9866,neg
9867,pos
9868,pos
9869,pos
9870,pos
9871,pos
9872,pos
9873,neg
9874,pos
9875,neg
9876,pos
9877,neg
9878,neg
9879,pos
9880,pos
9881,neg
9882,pos
9883,neg
9884,neg
9885,pos
9886,neg
9887,pos
9888,pos
9889,pos
9890,neg
9891,pos
9892,pos
9893,neg
9894,pos
9895,pos
9896,neg
9897,neg
9898,pos
9899,neg
9900,pos
9901,pos
9902,neg
9903,pos
9904,neg
9905,pos
9906,neg
9907,pos
9908,neg
9909,neg
9910,pos
9911,pos
9912,neg
9913,pos
9914,pos
9915,neg
9916,pos
9917,neg
9918,pos
9919,pos
9920,pos
9921,pos
9922,neg
9923,pos
9924,neg
9925,pos
9926,pos
9927,pos
9928,pos
9929,neg
9930,neg
9931,neg
9932,pos
9933,pos
9934,pos
9935,pos
9936,neg
9937,pos
9938,pos
9939,pos
9940,neg
9941,pos
9942,pos
9943,neg
9944,neg
9945,neg
9946,pos
9947,neg
9948,pos
9949,pos
9950,neg
9951,pos
9952,neg
9953,neg
9954,neg
9955,neg
9956,pos
9957,neg
9958,pos
9959,neg
9960,neg
9961,neg
9962,pos
9963,neg
9964,pos
9965,neg
9966,pos
9967,pos
9968,neg
9969,neg
9970,neg
9971,neg
9972,pos
9973,pos
9974,pos
9975,pos
9976,neg
9977,pos
9978,pos
9979,pos
9980,neg
9981,pos
9982,pos
9983,pos
9984,neg
9985,neg
9986,neg
9987,neg
9988,neg
9989,neg
9990,pos
9991,pos
9992,pos
9993,neg
9994,neg
9995,neg
9996,neg
9997,neg
9998,pos
9999,pos
10000,neg
